date,rank,ticker6,name,primary_driver,predicted,predicted_net,actual,vol_ratio,strategy_name
2026-02-11,1,033240,자화전자,TSM,0.006478446817566407,0.0014784468175664065,-0.028985507246376812,2.162478119091102,tier1
2026-02-11,2,030960,양지사,MU,0.005146710980126056,0.00014671098012605625,-0.012775842044134728,4.969786010245774,tier1
2026-02-12,1,000300,DH오토넥스,NFLX,0.22828657209698733,0.22328657209698732,0.0,,tier1
2026-02-12,2,086390,유니테스트,EWY,0.04596808547598009,0.04096808547598009,0.03740648379052369,4.954260163997005,tier1
2026-02-12,3,114810,한솔아이원스,MU,0.03508180431802861,0.03008180431802861,0.012933568489124045,3.968137271121052,tier1
2026-02-13,1,000300,DH오토넥스,NFLX,0.33859331635433343,0.3335933163543334,0.0,,tier1
2026-02-13,2,013580,계룡건설,AAPL,0.007390941608851874,0.002390941608851874,-2.124084562696327e-08,4.161334260708283,tier1
2026-02-19,1,100790,미래에셋벤처투자,MU,0.01288361817657073,0.007883618176570729,0.0423728813559322,4.326564974573162,tier1
2026-02-19,2,044490,태웅,URA,0.01776699836503443,0.012766998365034428,0.035493827160493825,2.451336318921802,tier1
2026-02-19,3,086390,유니테스트,EWY,0.011578611734113986,0.006578611734113986,0.03940886699507389,2.587572241545637,tier1
2026-02-20,1,086390,유니테스트,EWY,0.011536253412534303,0.006536253412534303,-0.01762114537444934,6.026269107169358,tier1
2026-02-20,2,440110,파두,SMCI,0.016314349698027898,0.011314349698027897,0.0,,tier1
2026-02-20,3,094820,일진파워,URA,0.006111193924033314,0.0011111939240333142,0.01015228426395939,5.516144062162087,tier1
2026-02-23,1,001200,유진투자증권,EWY,0.015380090879878325,0.010380090879878325,0.013467944247013702,8.23533922662609,tier1
2026-02-23,2,003720,삼영,GOOGL,0.01240064117253597,0.00740064117253597,0.014176663031624863,4.805644714279227,tier1
2026-02-23,3,388050,지투파워,TSM,0.009186034913090044,0.004186034913090044,0.02022058823529412,8.197961398113895,tier1
2026-02-24,1,000300,DH오토넥스,NFLX,0.23554219570392002,0.23054219570392,0.0,,tier1
2026-02-24,2,119610,인터로조,AMZN,0.012868697458618905,0.007868697458618904,0.0,1.5240386236665504,tier1
2026-02-24,3,030960,양지사,XLK,0.008827948538491356,0.003827948538491356,-0.006528835690968444,2.147331604603549,tier1
2026-02-25,1,388050,지투파워,TSM,0.021210309178646497,0.016210309178646496,0.004091653027823241,9.189409618212515,tier1
2026-02-25,2,093520,매커스,EWY,0.023490824149776907,0.018490824149776906,-0.021875,6.495549881886945,tier1
2026-02-25,3,054210,이랜텍,AMD,0.01634858612287419,0.011348586122874187,0.0,7.094170128571116,tier1
2026-02-26,1,254490,미래반도체,XLK,0.030413226474018337,0.025413226474018336,0.004975124378109453,5.176051441973442,tier1
2026-02-26,2,017510,세명전기,EWY,0.023161584091168898,0.018161584091168897,0.014517506404782237,5.438288707705511,tier1
2026-02-26,3,117730,티로보틱스,SMCI,0.033495174105498494,0.028495174105498493,0.013916500994035786,1.8831706694202948,tier1
2026-02-27,1,203400,에이비온,NFLX,0.009016919092488257,0.0040169190924882565,0.0078125,1.7872045646401835,tier1
2026-03-03,1,000157,두산2우B,NVDA,0.011081009668775788,0.006081009668775787,-0.01763663231087472,7.897486772486772,tier1
2026-03-03,2,000720,현대건설,URA,0.011819572843175639,0.006819572843175639,-0.010928918313976329,6.108849225335833,tier1
2026-03-03,3,064350,현대로템,ITA,0.01784275715281722,0.01284275715281722,0.11279824139092544,2.476656317573194,tier1
2026-03-04,1,030960,양지사,MU,0.02977022928274984,0.02477022928274984,-0.022919179734620022,1.5723882708387973,tier1
2026-03-04,2,012750,에스원,EWY,0.011207519057489691,0.006207519057489691,0.017201834862385322,1.76217757874459,tier1
2026-03-04,3,013990,아가방컴퍼니,ITA,0.006050958683381247,0.0010509586833812468,-0.0021008403361344537,2.335673814623038,tier1
2026-03-05,1,356680,엑스게이트,XLK,0.03704964210826629,0.032049642108266295,0.0392156862745098,3.6047556556654587,tier1
2026-03-05,2,000660,SK하이닉스,MU,0.061031282455897506,0.05603128245589751,0.14958775029446408,2.037901979007457,tier1
2026-03-05,3,348370,엔켐,AMD,0.045606786311571085,0.04060678631157109,0.06884057971014493,2.401703770230244,tier1
2026-03-06,1,010955,S-Oil우,EWY,0.00974688903162869,0.004746889031628689,0.023890776407004488,6.55188034362438,tier1
2026-03-06,2,013990,아가방컴퍼니,XLV,0.015479762204774435,0.010479762204774434,-0.013184584178498986,2.7916902139799094,tier1
2026-03-09,1,030960,양지사,SMH,0.03213668875322041,0.027136688753220412,-0.02012578616352201,0.29684556357119884,tier1
2026-03-09,2,119610,인터로조,AMZN,0.011879111797913738,0.006879111797913738,-0.049797336421540245,0.4412874559013978,tier1
2026-03-10,1,089030,테크윙,SMH,0.07058771464642354,0.06558771464642353,0.07883211678832117,5.632947248536335,tier1
2026-03-10,2,091810,트리니티항공,AMD,0.055837720147566494,0.0508377201475665,0.027052238805970148,4.426710476542578,tier1
2026-03-10,3,307180,아이엘,EWY,0.04901512890704349,0.04401512890704349,0.07307692307692308,3.2183443580395363,tier1
2026-03-11,1,089030,테크윙,MU,0.015083328632118356,0.010083328632118357,0.0,5.740869846705597,tier1
2026-03-11,2,024060,흥구석유,EWY,0.014018011740330882,0.009018011740330883,-0.05405405405405406,3.170281570104451,tier1
2026-03-11,3,105840,우진,URA,0.009250883699369813,0.004250883699369813,0.022727273564932315,3.3760556750905844,tier1
2026-03-12,1,000300,DH오토넥스,NFLX,0.14394798492568953,0.13894798492568952,0.0,,tier1
2026-03-12,2,089030,테크윙,MU,0.016419633156414846,0.011419633156414845,-0.02,4.959220025811728,tier1
2026-03-12,3,004090,한국석유,XLE,0.009274904086057157,0.004274904086057157,0.07901234567901234,6.295093913899257,tier1
2026-03-13,1,004090,한국석유,EWY,0.03341451875064176,0.02841451875064176,0.04950495049504951,4.137218621293102,tier1
2026-03-13,2,192410,오늘이엔엠,XBI,0.007937949269082211,0.002937949269082211,,,tier1
2026-03-13,3,081150,티플랙스,ITA,0.0055524247349242675,0.0005524247349242674,0.0,3.8597983633596207,tier1
2026-03-16,1,033160,엠케이전자,MU,0.010355444375286158,0.005355444375286158,0.011888111888111888,8.121114811226276,tier1
2026-03-17,1,357580,아모센스,EWY,0.031037030651152122,0.02603703065115212,0.029880478087649404,6.226388179462652,tier1
2026-03-17,2,432720,퀄리타스반도체,SMH,0.029538630401395108,0.024538630401395107,0.028024606971975393,5.265451607337488,tier1
2026-03-17,3,425040,티이엠씨,MU,0.01482032381695869,0.00982032381695869,0.013388259526261586,9.967752166099226,tier1
2026-03-18,1,085620,미래에셋생명,MU,0.012147028641660663,0.007147028641660663,0.11085714285714286,5.18897463931515,tier1
2026-03-18,2,200710,에이디테크놀로지,TSM,0.012303929919715968,0.007303929919715968,0.03005181347150259,2.487475415154403,tier1
2026-03-19,1,475400,씨메스로보틱스,AMD,0.005822404110536476,0.0008224041105364755,-0.03636363636363636,1.7274267893364779,tier1
2026-03-19,2,081150,티플랙스,KWEB,0.005125835545237528,0.00012583554523752823,0.0060790273556231,2.1334908446544594,tier1
2026-03-20,1,000300,DH오토넥스,NFLX,0.23126504041733326,0.22626504041733325,0.0,,tier1
2026-03-20,2,199820,제일일렉트릭,EWY,0.010379364072781368,0.005379364072781368,0.007819287576020852,6.172241696151842,tier1
2026-03-20,3,417200,LS머트리얼즈,AMD,0.007477195406325282,0.002477195406325282,0.016842034284677378,2.583818345855674,tier1
2026-03-23,1,117580,대성에너지,EWY,0.03294053898567035,0.02794053898567035,0.09515260323159784,2.4988200837478334,tier1
2026-03-23,2,081150,티플랙스,KWEB,0.009057315909369364,0.004057315909369364,-0.007385524372230428,3.3672709271351455,tier1
2026-03-24,1,092220,KEC,EWY,0.02481301959915757,0.01981301959915757,0.04046920821114369,9.736252585863589,tier1
2026-03-24,2,062970,한국첨단소재,XLY,0.026995768210763958,0.021995768210763957,0.2066420935968962,8.264813671629012,tier1
2026-03-24,3,348370,엔켐,TSM,0.02648753153264247,0.02148753153264247,-0.2982456140350877,3.2245853814827616,tier1
2026-03-25,1,000300,DH오토넥스,NFLX,0.19670999234439587,0.19170999234439587,0.0,,tier1
2026-03-25,2,007460,에이프로젠,XLB,0.008231855092952793,0.0032318550929527927,0.01796408353413905,6.490411635318939,tier1
2026-03-25,3,475580,에이럭스,XLE,0.007234398229056491,0.002234398229056491,0.0,2.1106198666739417,tier1
2026-03-26,1,348370,엔켐,AMD,0.02547611495922501,0.02047611495922501,0.18380462724935734,6.066087705146085,tier1
2026-03-26,2,432720,퀄리타스반도체,NVDA,0.015292033258942158,0.010292033258942158,0.00591016548463357,7.047447938528279,tier1
2026-03-26,3,451760,컨텍,XBI,0.026044701879546734,0.021044701879546733,0.006091370558375634,2.7138718756148044,tier1
2026-03-27,1,003280,흥아해운,EWY,0.030116437986499003,0.025116437986499002,0.0,1.6461135838152927,tier1
2026-03-27,2,143240,사람인,SMCI,0.00843834600820103,0.0034383460082010294,4.350249321543126e-08,3.0320222093950138,tier1
2026-03-30,1,134380,미원화학,MSFT,0.005858214640796122,0.0008582146407961223,0.0,3.506993006993007,tier1
2026-03-31,1,143240,사람인,ITA,0.005830725646441494,0.0008307256464414941,0.0,2.7967895329979933,tier1
2026-03-31,2,018670,SK가스,EWY,0.005139694551907362,0.00013969455190736193,-0.01532567049808429,1.5959775296483807,tier1
2026-04-01,1,012210,삼미금속,XLK,0.26122195158982164,0.25622195158982164,0.0121765601217656,4.302266681289868,tier1
2026-04-01,2,051980,중앙첨단소재,SMH,0.07025378499965723,0.06525378499965723,0.040268456375838924,8.668652715102393,tier1
2026-04-01,3,062970,한국첨단소재,TSM,0.0957144389811487,0.0907144389811487,0.14533622559652928,3.8949291689047345,tier1
2026-04-02,1,012210,삼미금속,XLK,0.06664076370783728,0.06164076370783728,0.0014005602240896359,5.541654445240786,tier1
2026-04-02,2,091810,트리니티항공,AMD,0.03476962812433568,0.029769628124335677,-0.0011160714285714285,6.710859414623171,tier1
2026-04-02,3,329180,HD현대중공업,XLI,0.022963917114280048,0.017963917114280047,0.03662597114317425,7.987685580659654,tier1
2026-04-03,1,091810,트리니티항공,AMD,0.03603392731962426,0.031033927319624257,0.00963855421686747,6.846804396492961,tier1
2026-04-03,2,004090,한국석유,EWY,0.014095074754758009,0.009095074754758008,0.0,4.450638836252218,tier1
2026-04-03,3,009160,SIMPAC,NFLX,0.00939144256349843,0.00439144256349843,0.0,1.7343728113181118,tier1
2026-04-06,1,091810,트리니티항공,AMD,0.036423503958426556,0.03142350395842656,-0.0023446658851113715,1.724956990756757,tier1
2026-04-06,2,024060,흥구석유,EWY,0.015990951019025024,0.010990951019025023,0.011363636363636364,1.646060500294034,tier1
2026-04-07,1,060250,NHN KCP,EWY,0.00783231514355814,0.0028323151435581404,0.007702182284980745,6.295767796023536,tier1
2026-04-07,2,114810,한솔아이원스,MU,0.009068167367207624,0.004068167367207624,0.07498248072880168,1.9584803153125563,tier1
2026-04-08,1,356680,엑스게이트,SMCI,0.007138201533761071,0.002138201533761071,0.02857142857142857,2.279733063557141,tier1
2026-04-08,2,101670,하이드로리튬,GOOGL,0.005795310665037497,0.0007953106650374969,0.0340632603406326,2.767413268700276,tier1
2026-04-09,1,381620,제닉스로보틱스,SMH,0.06405623912566044,0.059056239125660444,0.0,8.962089525674113,tier1
2026-04-09,2,038500,삼표시멘트,EWY,0.05355881214942943,0.048558812149429434,-0.03724928366762178,7.6640614442610575,tier1
2026-04-09,3,008830,대동기어,TSM,0.044793364554408466,0.03979336455440847,-0.03218390804597701,9.144164189554518,tier1
2026-04-10,1,365330,에스와이스틸텍,XLY,0.014251554489932206,0.009251554489932205,0.024739583333333332,9.466098625384475,tier1
2026-04-10,2,095610,테스,MU,0.027838247495224115,0.022838247495224114,0.050870147255689425,3.8087703584400217,tier1
2026-04-10,3,091810,트리니티항공,AMD,0.021717739159712104,0.016717739159712103,0.0,2.7209714892182033,tier1
2026-04-13,1,062970,한국첨단소재,SMCI,0.031980507539159,0.026980507539159,-0.01726263871763255,7.362046106929318,tier1
2026-04-13,2,091810,트리니티항공,AMD,0.037015375463759874,0.032015375463759876,-0.015873015873015872,2.5859333583050357,tier1
2026-04-13,3,452450,피아이이,NVDA,0.01783416747626732,0.012834167476267318,0.0,4.5915572536760445,tier1
2026-04-14,1,089890,코세스,XLK,0.02521203117011938,0.02021203117011938,0.054104477611940295,4.694673632233735,tier1
2026-04-14,2,009410,태영건설,MSFT,0.01959674253828741,0.01459674253828741,0.01590559261159569,1.991150059298827,tier1
2026-04-14,3,260970,에스앤디,XLF,0.018583166621078652,0.013583166621078651,0.012027491408934709,2.06665822624549,tier1
2026-04-15,1,389020,자람테크놀로지,NVDA,0.04351506279668026,0.03851506279668026,0.006568144499178982,8.156231306737133,tier1
2026-04-15,2,253590,네오셈,MU,0.06664268763190793,0.06164268763190794,0.04225352112676056,2.9015463896748814,tier1
2026-04-15,3,030530,원익홀딩스,XLY,0.0398232033160782,0.0348232033160782,0.033816425120772944,4.664034671458133,tier1
2026-04-16,1,009410,태영건설,MSFT,0.02206243937148862,0.01706243937148862,0.03058823529411765,8.735925988390768,tier1
2026-04-16,2,432720,퀄리타스반도체,XLK,0.021997880351569955,0.016997880351569954,-0.011904761904761904,8.120229562069868,tier1
2026-04-16,3,388050,지투파워,URA,0.018649041130312558,0.013649041130312557,0.004291845493562232,5.806399845313686,tier1
2026-04-17,1,051980,중앙첨단소재,AMD,0.024177619646204056,0.019177619646204055,0.007425742574257425,4.572662863105739,tier1
2026-04-17,2,356680,엑스게이트,SMCI,0.011043430856398985,0.0060434308563989845,0.025489033787788974,6.765496129034694,tier1
2026-04-17,3,317770,엑스페릭스,EWY,0.010690883574956803,0.0056908835749568025,0.036885245901639344,5.39857256276067,tier1
2026-04-20,1,000300,DH오토넥스,NFLX,0.7973297879420748,0.7923297879420748,0.0,,tier1
2026-04-20,2,441270,파인엠텍,XLY,0.0393060504559591,0.0343060504559591,-0.004166666666666667,6.081446267843757,tier1
2026-04-20,3,319400,현대무벡스,XLI,0.03869980990778606,0.033699809907786066,-0.047839506172839504,5.843814756520311,tier1
2026-04-21,1,000300,DH오토넥스,NFLX,0.188103815830055,0.183103815830055,0.0,,tier1
2026-04-22,1,000300,DH오토넥스,NFLX,0.18567367552708447,0.18067367552708447,0.0,,tier1
2026-04-22,2,051980,중앙첨단소재,AMD,0.01032711068124287,0.00532711068124287,0.03278688524590164,7.56036890783621,tier1
2026-04-22,3,119610,인터로조,AAPL,0.00594981701341794,0.0009498170134179399,0.02195121951219512,1.5032731565916881,tier1
2026-04-23,1,007660,이수페타시스,TSM,0.0892540863860569,0.0842540863860569,-0.03531598513011153,8.088179654879939,tier1
2026-04-23,2,051980,중앙첨단소재,AMD,0.051459875810797626,0.04645987581079763,0.008968609865470852,8.90526065491515,tier1
2026-04-23,3,010690,화신,EWY,0.05414969219623784,0.04914969219623784,0.004633204633204633,7.311215010389928,tier1
2026-04-24,1,130660,한전산업,XLI,0.01845845975159539,0.013458459751595389,0.002386634844868735,7.836211308962582,tier1
2026-04-24,2,003280,흥아해운,EWY,0.023251043242000308,0.018251043242000307,0.006339144215530904,1.9733757180201983,tier1
2026-04-24,3,134380,미원화학,MSFT,0.009165893046707837,0.004165893046707837,0.0,3.16585548483714,tier1
2026-04-27,1,254490,미래반도체,SMH,0.10816445998447632,0.10316445998447632,0.012468827930174564,7.774141766230192,tier1
2026-04-27,2,215100,로보로보,AMD,0.07341697854388056,0.06841697854388055,0.017639077340569877,6.442126709712214,tier1
2026-04-27,3,356680,엑스게이트,XLK,0.05390550270314672,0.048905502703146725,0.0,5.264775566623306,tier1
2026-04-28,1,042700,한미반도체,MU,0.022469392838554435,0.017469392838554434,-0.01740294511378849,8.994427746962561,tier1
2026-04-28,2,011790,SKC,NVDA,0.016938862602277102,0.011938862602277101,-0.020048115477145148,8.622504214908828,tier1
2026-04-28,3,094820,일진파워,URA,0.008336634873203172,0.003336634873203172,0.032407407407407406,6.093604489491984,tier1
2026-04-29,1,004090,한국석유,TSM,0.03409882063390847,0.02909882063390847,0.006234413965087282,0.38762854771561456,tier1
2026-04-29,2,000440,중앙에너비스,SMH,0.030028772809263894,0.025028772809263893,0.00936768149882904,0.3670231060854914,tier1
2026-04-29,3,024060,흥구석유,XLE,0.026974953470550227,0.021974953470550226,0.01273148148148148,0.30708893214607386,tier1
2026-04-30,1,417200,LS머트리얼즈,AMD,0.018732471216569527,0.013732471216569526,0.0112,6.999523280741969,tier1
2026-04-30,2,126340,비나텍,SMH,0.018848955637287165,0.013848955637287164,-0.027808069792802616,5.1821324410637954,tier1
2026-04-30,3,010950,S-Oil,XLE,0.010608688979047357,0.005608688979047357,-0.004467609828741623,3.878686200841129,tier1
2026-05-04,1,000300,DH오토넥스,NFLX,0.1507253161869408,0.1457253161869408,0.0,,tier1
2026-05-04,2,484810,티엑스알로보틱스,MU,0.01692352029080778,0.01192352029080778,0.024678663239074552,9.65905453233842,tier1
2026-05-04,3,356680,엑스게이트,TSLA,0.011421306656036391,0.006421306656036391,0.0936834634492548,3.4190571097987545,tier1
2026-05-06,1,060370,LS마린솔루션,EWY,0.06589347696785834,0.060893476967858344,0.029263370332996974,8.75619944361224,tier1
2026-05-06,2,322310,오로스테크놀로지,MU,0.06649347042731076,0.06149347042731076,0.024526198439241916,8.263336165602057,tier1
2026-05-06,3,000300,DH오토넥스,NFLX,0.31264337297473677,0.30764337297473676,0.0,,tier1
2026-05-07,1,254490,미래반도체,SMH,0.11316639782002413,0.10816639782002413,0.0,9.539257627379152,tier1
2026-05-07,2,322180,LS티라유텍,AMD,0.07761376195061319,0.07261376195061318,0.004024144869215292,6.907834997153687,tier1
2026-05-07,3,308080,바이젠셀,TSM,0.060671645508601234,0.055671645508601236,-0.03225806451612903,7.119738480697385,tier1
2026-05-08,1,203650,드림시큐리티,TSLA,0.019759963264766246,0.014759963264766245,-0.06779661016949153,8.495955968425191,tier1
2026-05-08,2,025860,남해화학,XLI,0.011795642665343348,0.006795642665343348,0.011554621848739496,1.5779468517373905,tier1
2026-05-08,3,084670,동양고속,XLE,0.010671482234745714,0.005671482234745714,-0.03835227272727273,1.515445426160898,tier1
2026-05-11,1,078150,HB테크놀러지,AMD,0.07653478265868564,0.07153478265868564,0.07660455486542443,9.934803120775124,tier1
2026-05-11,2,265520,AP시스템,MU,0.07766826364471337,0.07266826364471336,-0.013245033112582781,8.752250166047356,tier1
2026-05-11,3,319400,현대무벡스,XLK,0.05805390858076975,0.053053908580769756,0.003952569169960474,9.57422737856716,tier1
2026-05-12,1,000300,DH오토넥스,NFLX,0.22011248163705116,0.21511248163705116,0.0,,tier1
2026-05-12,2,254490,미래반도체,SMH,0.02598638292939411,0.020986382929394108,0.003740648379052369,9.240220236788327,tier1
2026-05-12,3,168360,펨트론,MU,0.03192416531994651,0.02692416531994651,0.060498220640569395,5.6507477779551865,tier1
2026-05-13,1,000440,중앙에너비스,EWY,0.06448922152723467,0.059489221527234674,0.023148148148148147,6.814449978028416,tier1
2026-05-13,2,389470,인벤티지랩,XLV,0.01775728965667465,0.01275728965667465,0.059027777777777776,5.320457749508561,tier1
2026-05-13,3,030960,양지사,URA,0.01683498113550752,0.01183498113550752,0.0,2.703768064934779,tier1
2026-02-11,1,033240,자화전자,TSM,0.006478446817566407,0.0014784468175664065,-0.028985507246376812,2.162478119091102,no_corr_filter
2026-02-11,2,119650,KC코트렐,GOOGL,0.006725246283126632,0.001725246283126632,0.0,,no_corr_filter
2026-02-11,3,030960,양지사,MU,0.005146710980126056,0.00014671098012605625,-0.012775842044134728,4.969786010245774,no_corr_filter
2026-02-12,1,000300,DH오토넥스,NFLX,0.3470668098005105,0.3420668098005105,0.0,,no_corr_filter
2026-02-12,2,086390,유니테스트,EWY,0.04596808547598009,0.04096808547598009,0.03740648379052369,4.954260163997005,no_corr_filter
2026-02-12,3,114810,한솔아이원스,MU,0.03508180431802861,0.03008180431802861,0.012933568489124045,3.968137271121052,no_corr_filter
2026-02-13,1,000300,DH오토넥스,NFLX,0.2825282958911321,0.2775282958911321,0.0,,no_corr_filter
2026-02-13,2,377460,큐에이드,KWEB,0.11919797841835914,0.11419797841835913,0.0,,no_corr_filter
2026-02-13,3,013580,계룡건설,AAPL,0.007390941608851874,0.002390941608851874,-2.124084562696327e-08,4.161334260708283,no_corr_filter
2026-02-19,1,000300,DH오토넥스,XLE,0.06077171118523723,0.05577171118523723,0.0,,no_corr_filter
2026-02-19,2,100790,미래에셋벤처투자,MU,0.01288361817657073,0.007883618176570729,0.0423728813559322,4.326564974573162,no_corr_filter
2026-02-19,3,044490,태웅,URA,0.01776699836503443,0.012766998365034428,0.035493827160493825,2.451336318921802,no_corr_filter
2026-02-20,1,086390,유니테스트,EWY,0.011536253412534303,0.006536253412534303,-0.01762114537444934,6.026269107169358,no_corr_filter
2026-02-20,2,440110,파두,SMCI,0.016314349698027898,0.011314349698027897,0.0,,no_corr_filter
2026-02-20,3,094820,일진파워,URA,0.006111193924033314,0.0011111939240333142,0.01015228426395939,5.516144062162087,no_corr_filter
2026-02-23,1,091810,트리니티항공,EWY,0.0832747700995271,0.0782747700995271,0.001483679525222552,2.084345540448324,no_corr_filter
2026-02-23,2,003720,삼영,GOOGL,0.01240064117253597,0.00740064117253597,0.014176663031624863,4.805644714279227,no_corr_filter
2026-02-23,3,388050,지투파워,TSM,0.009186034913090044,0.004186034913090044,0.02022058823529412,8.197961398113895,no_corr_filter
2026-02-24,1,000300,DH오토넥스,NFLX,0.23554219570392002,0.23054219570392,0.0,,no_corr_filter
2026-02-24,2,377460,큐에이드,EWY,0.04371636449870186,0.03871636449870186,0.0,,no_corr_filter
2026-02-24,3,052400,코나아이,XLF,0.011086450179228807,0.0060864501792288065,0.007173615041820455,2.1068571571075085,no_corr_filter
2026-02-25,1,388050,지투파워,TSM,0.021210309178646497,0.016210309178646496,0.004091653027823241,9.189409618212515,no_corr_filter
2026-02-25,2,093520,매커스,EWY,0.023490824149776907,0.018490824149776906,-0.021875,6.495549881886945,no_corr_filter
2026-02-25,3,054210,이랜텍,AMD,0.01634858612287419,0.011348586122874187,0.0,7.094170128571116,no_corr_filter
2026-02-26,1,254490,미래반도체,XLK,0.030413226474018337,0.025413226474018336,0.004975124378109453,5.176051441973442,no_corr_filter
2026-02-26,2,091810,트리니티항공,EWY,0.06671538501376403,0.061715385013764036,0.005788712011577424,2.0218178892106873,no_corr_filter
2026-02-26,3,117730,티로보틱스,SMCI,0.033495174105498494,0.028495174105498493,0.013916500994035786,1.8831706694202948,no_corr_filter
2026-02-27,1,377460,큐에이드,NVDA,0.13487372755828705,0.12987372755828705,0.0,,no_corr_filter
2026-02-27,2,182400,엔케이젠바이오텍코리아,KWEB,0.044205301092374985,0.03920530109237499,0.0,,no_corr_filter
2026-02-27,3,078130,국일제지,NFLX,0.006457542961646784,0.001457542961646784,0.003076923076923077,1.535229647625904,no_corr_filter
2026-03-03,1,000157,두산2우B,NVDA,0.011081009668775788,0.006081009668775787,-0.01763663231087472,7.897486772486772,no_corr_filter
2026-03-03,2,000720,현대건설,URA,0.011819572843175639,0.006819572843175639,-0.010928918313976329,6.108849225335833,no_corr_filter
2026-03-03,3,380540,옵티코어,ITA,0.014456515365892323,0.009456515365892322,0.0,4.377369544596932,no_corr_filter
2026-03-04,1,377460,큐에이드,EWY,0.308278272311098,0.303278272311098,0.0,,no_corr_filter
2026-03-04,2,030960,양지사,MU,0.02977022928274984,0.02477022928274984,-0.022919179734620022,1.5723882708387973,no_corr_filter
2026-03-04,3,182400,엔케이젠바이오텍코리아,KWEB,0.03272724767197507,0.027727247671975066,0.0,,no_corr_filter
2026-03-05,1,091810,트리니티항공,AMD,0.12601177337176378,0.12101177337176378,0.01468048359240069,1.5714673202123022,no_corr_filter
2026-03-05,2,356680,엑스게이트,XLK,0.03704964210826629,0.032049642108266295,0.0392156862745098,3.6047556556654587,no_corr_filter
2026-03-05,3,000660,SK하이닉스,MU,0.061031282455897506,0.05603128245589751,0.14958775029446408,2.037901979007457,no_corr_filter
2026-03-06,1,377460,큐에이드,EWY,0.17853307438032245,0.17353307438032245,0.0,,no_corr_filter
2026-03-06,2,013990,아가방컴퍼니,XLV,0.015479762204774435,0.010479762204774434,-0.013184584178498986,2.7916902139799094,no_corr_filter
2026-03-06,3,036630,세종텔레콤,ITA,0.0117827215890258,0.0067827215890258,-0.05375,3.1344772967265047,no_corr_filter
2026-03-09,1,000300,DH오토넥스,NVDA,0.04585891722875057,0.040858917228750576,0.0,,no_corr_filter
2026-03-10,1,091810,트리니티항공,EWY,0.17231434147342742,0.1673143414734274,0.027052238805970148,4.426710476542578,no_corr_filter
2026-03-10,2,089030,테크윙,SMH,0.07058771464642354,0.06558771464642353,0.07883211678832117,5.632947248536335,no_corr_filter
2026-03-10,3,032820,우리기술,URA,0.04603315877815649,0.04103315877815649,0.06936416184971098,2.048139761088774,no_corr_filter
2026-03-11,1,089030,테크윙,MU,0.015083328632118356,0.010083328632118357,0.0,5.740869846705597,no_corr_filter
2026-03-11,2,377460,큐에이드,EWY,0.05036326609026522,0.045363266090265225,0.0,,no_corr_filter
2026-03-11,3,105840,우진,URA,0.009250883699369813,0.004250883699369813,0.022727273564932315,3.3760556750905844,no_corr_filter
2026-03-12,1,000300,DH오토넥스,NFLX,0.2566288772887669,0.2516288772887669,0.0,,no_corr_filter
2026-03-12,2,091810,트리니티항공,MU,0.05515044387549092,0.050150443875490926,0.0,1.5542414847749306,no_corr_filter
2026-03-12,3,182400,엔케이젠바이오텍코리아,XLE,0.054625664032656396,0.0496256640326564,0.0,,no_corr_filter
2026-03-13,1,377460,큐에이드,EWY,0.15481131393419115,0.14981131393419114,0.0,,no_corr_filter
2026-03-13,2,000300,DH오토넥스,NVDA,0.02546001632705506,0.020460016327055058,0.0,,no_corr_filter
2026-03-13,3,182400,엔케이젠바이오텍코리아,GOOGL,0.014663508532583882,0.009663508532583881,0.0,,no_corr_filter
2026-03-16,1,033160,엠케이전자,MU,0.010355444375286158,0.005355444375286158,0.011888111888111888,8.121114811226276,no_corr_filter
2026-03-16,2,000300,DH오토넥스,NVDA,0.02737139700530213,0.022371397005302128,0.0,,no_corr_filter
2026-03-17,1,357580,아모센스,EWY,0.031037030651152122,0.02603703065115212,0.029880478087649404,6.226388179462652,no_corr_filter
2026-03-17,2,432720,퀄리타스반도체,SMH,0.029538630401395108,0.024538630401395107,0.028024606971975393,5.265451607337488,no_corr_filter
2026-03-17,3,425040,티이엠씨,MU,0.01482032381695869,0.00982032381695869,0.013388259526261586,9.967752166099226,no_corr_filter
2026-03-18,1,085620,미래에셋생명,MU,0.012147028641660663,0.007147028641660663,0.11085714285714286,5.18897463931515,no_corr_filter
2026-03-18,2,200710,에이디테크놀로지,TSM,0.012303929919715968,0.007303929919715968,0.03005181347150259,2.487475415154403,no_corr_filter
2026-03-19,1,377460,큐에이드,KWEB,0.12139853086507912,0.11639853086507912,0.0,,no_corr_filter
2026-03-19,2,192410,오늘이엔엠,XBI,0.0072113566810886945,0.0022113566810886944,,,no_corr_filter
2026-03-19,3,475400,씨메스로보틱스,AMD,0.005822404110536476,0.0008224041105364755,-0.03636363636363636,1.7274267893364779,no_corr_filter
2026-03-20,1,000300,DH오토넥스,NFLX,0.3035162680038307,0.2985162680038307,0.0,,no_corr_filter
2026-03-20,2,199820,제일일렉트릭,EWY,0.010379364072781368,0.005379364072781368,0.007819287576020852,6.172241696151842,no_corr_filter
2026-03-20,3,182400,엔케이젠바이오텍코리아,XLE,0.02186719284979818,0.01686719284979818,0.0,,no_corr_filter
2026-03-23,1,377460,큐에이드,EWY,0.2506848771106054,0.24568487711060538,0.0,,no_corr_filter
2026-03-23,2,000300,DH오토넥스,NVDA,0.0593469845446293,0.0543469845446293,0.0,,no_corr_filter
2026-03-23,3,182400,엔케이젠바이오텍코리아,KWEB,0.05675122545148667,0.05175122545148667,0.0,,no_corr_filter
2026-03-24,1,092220,KEC,EWY,0.02481301959915757,0.01981301959915757,0.04046920821114369,9.736252585863589,no_corr_filter
2026-03-24,2,062970,한국첨단소재,XLY,0.026995768210763958,0.021995768210763957,0.2066420935968962,8.264813671629012,no_corr_filter
2026-03-24,3,348370,엔켐,TSM,0.02648753153264247,0.02148753153264247,-0.2982456140350877,3.2245853814827616,no_corr_filter
2026-03-25,1,000300,DH오토넥스,NFLX,0.2880186145197023,0.2830186145197023,0.0,,no_corr_filter
2026-03-25,2,182400,엔케이젠바이오텍코리아,GOOGL,0.06216164508395186,0.05716164508395186,0.0,,no_corr_filter
2026-03-25,3,119650,KC코트렐,XLE,0.03410223984679371,0.02910223984679371,0.0,,no_corr_filter
2026-03-26,1,348370,엔켐,AMD,0.02547611495922501,0.02047611495922501,0.18380462724935734,6.066087705146085,no_corr_filter
2026-03-26,2,432720,퀄리타스반도체,NVDA,0.015292033258942158,0.010292033258942158,0.00591016548463357,7.047447938528279,no_corr_filter
2026-03-26,3,451760,컨텍,XBI,0.026044701879546734,0.021044701879546733,0.006091370558375634,2.7138718756148044,no_corr_filter
2026-03-27,1,377460,큐에이드,KWEB,0.19268943966660473,0.18768943966660473,0.0,,no_corr_filter
2026-03-27,2,000300,DH오토넥스,NVDA,0.1465135198258802,0.1415135198258802,0.0,,no_corr_filter
2026-03-27,3,003280,흥아해운,EWY,0.03449505904512737,0.029495059045127368,0.0,1.6461135838152927,no_corr_filter
2026-03-30,1,000300,DH오토넥스,XLE,0.11552230602503659,0.11052230602503658,0.0,,no_corr_filter
2026-03-30,2,377460,큐에이드,NVDA,0.06320529912863518,0.05820529912863518,0.0,,no_corr_filter
2026-03-30,3,134380,미원화학,MSFT,0.010564924966205943,0.005564924966205943,0.0,3.506993006993007,no_corr_filter
2026-03-31,1,377460,큐에이드,TSLA,0.019599711275776355,0.014599711275776354,0.0,,no_corr_filter
2026-03-31,2,143240,사람인,ITA,0.008171480772353322,0.003171480772353322,0.0,2.7967895329979933,no_corr_filter
2026-03-31,3,068790,DMS,EWY,0.007456377186402739,0.0024563771864027388,0.032467532467532464,2.999612862638825,no_corr_filter
2026-04-01,1,012210,삼미금속,XLK,0.26122195158982164,0.25622195158982164,0.0121765601217656,4.302266681289868,no_corr_filter
2026-04-01,2,051980,중앙첨단소재,SMH,0.07025378499965723,0.06525378499965723,0.040268456375838924,8.668652715102393,no_corr_filter
2026-04-01,3,062970,한국첨단소재,TSM,0.0957144389811487,0.0907144389811487,0.14533622559652928,3.8949291689047345,no_corr_filter
2026-04-02,1,091810,트리니티항공,MU,0.15039547674522374,0.14539547674522374,-0.0011160714285714285,6.710859414623171,no_corr_filter
2026-04-02,2,012210,삼미금속,XLK,0.06664076370783728,0.06164076370783728,0.0014005602240896359,5.541654445240786,no_corr_filter
2026-04-02,3,329180,HD현대중공업,XLI,0.022963917114280048,0.017963917114280047,0.03662597114317425,7.987685580659654,no_corr_filter
2026-04-03,1,091810,트리니티항공,AMD,0.03603392731962426,0.031033927319624257,0.00963855421686747,6.846804396492961,no_corr_filter
2026-04-03,2,377460,큐에이드,TSLA,0.05869362349838296,0.05369362349838296,0.0,,no_corr_filter
2026-04-03,3,003280,흥아해운,EWY,0.015494012758840745,0.010494012758840744,-0.07829977628635347,3.927726159203829,no_corr_filter
2026-04-06,1,377460,큐에이드,TSLA,0.05964253226182263,0.054642532261822634,0.0,,no_corr_filter
2026-04-06,2,091810,트리니티항공,AMD,0.036423503958426556,0.03142350395842656,-0.0023446658851113715,1.724956990756757,no_corr_filter
2026-04-06,3,024060,흥구석유,EWY,0.015990951019025024,0.010990951019025023,0.011363636363636364,1.646060500294034,no_corr_filter
2026-04-07,1,091810,트리니티항공,MU,0.023943963001992318,0.018943963001992317,0.0023094688221709007,1.61238460546176,no_corr_filter
2026-04-07,2,377460,큐에이드,TSLA,0.02329100724960549,0.01829100724960549,0.0,,no_corr_filter
2026-04-07,3,060250,NHN KCP,EWY,0.00783231514355814,0.0028323151435581404,0.007702182284980745,6.295767796023536,no_corr_filter
2026-04-08,1,091810,트리니티항공,GOOGL,0.025476705602254828,0.020476705602254827,0.07117852975495916,1.6037759772083038,no_corr_filter
2026-04-08,2,377460,큐에이드,TSLA,0.019163626362471334,0.014163626362471333,0.0,,no_corr_filter
2026-04-08,3,356680,엑스게이트,SMCI,0.007138201533761071,0.002138201533761071,0.02857142857142857,2.279733063557141,no_corr_filter
2026-04-09,1,091810,트리니티항공,MU,0.16196350191314235,0.15696350191314234,-0.002173913043478261,4.4817279424695,no_corr_filter
2026-04-09,2,381620,제닉스로보틱스,SMH,0.06405623912566044,0.059056239125660444,0.0,8.962089525674113,no_corr_filter
2026-04-09,3,038500,삼표시멘트,EWY,0.05355881214942943,0.048558812149429434,-0.03724928366762178,7.6640614442610575,no_corr_filter
2026-04-10,1,091810,트리니티항공,MU,0.0488735985263906,0.043873598526390604,0.0,2.7209714892182033,no_corr_filter
2026-04-10,2,365330,에스와이스틸텍,XLY,0.014251554489932206,0.009251554489932205,0.024739583333333332,9.466098625384475,no_corr_filter
2026-04-10,3,056080,유진로봇,SMH,0.019762610076007922,0.014762610076007921,0.03177966101694915,3.042505931565917,no_corr_filter
2026-04-13,1,062970,한국첨단소재,SMCI,0.031980507539159,0.026980507539159,-0.01726263871763255,7.362046106929318,no_corr_filter
2026-04-13,2,091810,트리니티항공,AMD,0.037015375463759874,0.032015375463759876,-0.015873015873015872,2.5859333583050357,no_corr_filter
2026-04-13,3,452450,피아이이,NVDA,0.01783416747626732,0.012834167476267318,0.0,4.5915572536760445,no_corr_filter
2026-04-14,1,089890,코세스,XLK,0.02521203117011938,0.02021203117011938,0.054104477611940295,4.694673632233735,no_corr_filter
2026-04-14,2,009410,태영건설,MSFT,0.01959674253828741,0.01459674253828741,0.01590559261159569,1.991150059298827,no_corr_filter
2026-04-14,3,260970,에스앤디,XLF,0.018583166621078652,0.013583166621078651,0.012027491408934709,2.06665822624549,no_corr_filter
2026-04-15,1,389020,자람테크놀로지,NVDA,0.04351506279668026,0.03851506279668026,0.006568144499178982,8.156231306737133,no_corr_filter
2026-04-15,2,253590,네오셈,MU,0.06664268763190793,0.06164268763190794,0.04225352112676056,2.9015463896748814,no_corr_filter
2026-04-15,3,030530,원익홀딩스,XLY,0.0398232033160782,0.0348232033160782,0.033816425120772944,4.664034671458133,no_corr_filter
2026-04-16,1,009410,태영건설,MSFT,0.02206243937148862,0.01706243937148862,0.03058823529411765,8.735925988390768,no_corr_filter
2026-04-16,2,432720,퀄리타스반도체,XLK,0.021997880351569955,0.016997880351569954,-0.011904761904761904,8.120229562069868,no_corr_filter
2026-04-16,3,388050,지투파워,URA,0.018649041130312558,0.013649041130312557,0.004291845493562232,5.806399845313686,no_corr_filter
2026-04-17,1,091810,트리니티항공,AMD,0.08254988848383088,0.07754988848383088,0.013958125623130608,2.6413655174683446,no_corr_filter
2026-04-17,2,356680,엑스게이트,SMCI,0.011043430856398985,0.0060434308563989845,0.025489033787788974,6.765496129034694,no_corr_filter
2026-04-17,3,317770,엑스페릭스,EWY,0.010690883574956803,0.0056908835749568025,0.036885245901639344,5.39857256276067,no_corr_filter
2026-04-20,1,000300,DH오토넥스,NFLX,0.6095015607153447,0.6045015607153447,0.0,,no_corr_filter
2026-04-20,2,441270,파인엠텍,XLY,0.0393060504559591,0.0343060504559591,-0.004166666666666667,6.081446267843757,no_corr_filter
2026-04-20,3,319400,현대무벡스,XLI,0.03869980990778606,0.033699809907786066,-0.047839506172839504,5.843814756520311,no_corr_filter
2026-04-21,1,000300,DH오토넥스,NFLX,0.188103815830055,0.183103815830055,0.0,,no_corr_filter
2026-04-21,2,377460,큐에이드,TSLA,0.024400227492045724,0.019400227492045723,0.0,,no_corr_filter
2026-04-22,1,000300,DH오토넥스,NFLX,0.18567367552708447,0.18067367552708447,0.0,,no_corr_filter
2026-04-22,2,377460,큐에이드,KWEB,0.12809516859169653,0.12309516859169653,0.0,,no_corr_filter
2026-04-22,3,051980,중앙첨단소재,AMD,0.01032711068124287,0.00532711068124287,0.03278688524590164,7.56036890783621,no_corr_filter
2026-04-23,1,007660,이수페타시스,TSM,0.0892540863860569,0.0842540863860569,-0.03531598513011153,8.088179654879939,no_corr_filter
2026-04-23,2,051980,중앙첨단소재,AMD,0.051459875810797626,0.04645987581079763,0.008968609865470852,8.90526065491515,no_corr_filter
2026-04-23,3,010690,화신,EWY,0.05414969219623784,0.04914969219623784,0.004633204633204633,7.311215010389928,no_corr_filter
2026-04-24,1,377460,큐에이드,KWEB,0.15204334240616482,0.14704334240616482,0.0,,no_corr_filter
2026-04-24,2,130660,한전산업,XLI,0.01845845975159539,0.013458459751595389,0.002386634844868735,7.836211308962582,no_corr_filter
2026-04-24,3,003280,흥아해운,EWY,0.023251043242000308,0.018251043242000307,0.006339144215530904,1.9733757180201983,no_corr_filter
2026-04-27,1,254490,미래반도체,SMH,0.10816445998447632,0.10316445998447632,0.012468827930174564,7.774141766230192,no_corr_filter
2026-04-27,2,215100,로보로보,AMD,0.07341697854388056,0.06841697854388055,0.017639077340569877,6.442126709712214,no_corr_filter
2026-04-27,3,356680,엑스게이트,XLK,0.05390550270314672,0.048905502703146725,0.0,5.264775566623306,no_corr_filter
2026-04-28,1,042700,한미반도체,MU,0.022469392838554435,0.017469392838554434,-0.01740294511378849,8.994427746962561,no_corr_filter
2026-04-28,2,011790,SKC,NVDA,0.016938862602277102,0.011938862602277101,-0.020048115477145148,8.622504214908828,no_corr_filter
2026-04-28,3,182400,엔케이젠바이오텍코리아,KWEB,0.027797548369088435,0.022797548369088434,0.0,,no_corr_filter
2026-04-29,1,000300,DH오토넥스,XLE,0.16147465217068413,0.15647465217068413,0.0,,no_corr_filter
2026-04-29,2,377460,큐에이드,NVDA,0.03776122925912151,0.03276122925912151,0.0,,no_corr_filter
2026-04-30,1,000300,DH오토넥스,XLE,0.21461047498213615,0.20961047498213614,0.0,,no_corr_filter
2026-04-30,2,417200,LS머트리얼즈,AMD,0.018732471216569527,0.013732471216569526,0.0112,6.999523280741969,no_corr_filter
2026-04-30,3,126340,비나텍,SMH,0.018848955637287165,0.013848955637287164,-0.027808069792802616,5.1821324410637954,no_corr_filter
2026-05-04,1,484810,티엑스알로보틱스,MU,0.01692352029080778,0.01192352029080778,0.024678663239074552,9.65905453233842,no_corr_filter
2026-05-04,2,000300,DH오토넥스,NFLX,0.05560723406875906,0.05060723406875906,0.0,,no_corr_filter
2026-05-04,3,356680,엑스게이트,TSLA,0.011421306656036391,0.006421306656036391,0.0936834634492548,3.4190571097987545,no_corr_filter
2026-05-06,1,060370,LS마린솔루션,EWY,0.06589347696785834,0.060893476967858344,0.029263370332996974,8.75619944361224,no_corr_filter
2026-05-06,2,322310,오로스테크놀로지,MU,0.06649347042731076,0.06149347042731076,0.024526198439241916,8.263336165602057,no_corr_filter
2026-05-06,3,003530,한화투자증권,XLK,0.03347565057842185,0.028475650578421847,0.08669108669108669,8.378320959856898,no_corr_filter
2026-05-07,1,254490,미래반도체,SMH,0.11316639782002413,0.10816639782002413,0.0,9.539257627379152,no_corr_filter
2026-05-07,2,322180,LS티라유텍,AMD,0.07761376195061319,0.07261376195061318,0.004024144869215292,6.907834997153687,no_corr_filter
2026-05-07,3,308080,바이젠셀,TSM,0.060671645508601234,0.055671645508601236,-0.03225806451612903,7.119738480697385,no_corr_filter
2026-05-08,1,203650,드림시큐리티,TSLA,0.019759963264766246,0.014759963264766245,-0.06779661016949153,8.495955968425191,no_corr_filter
2026-05-08,2,000300,DH오토넥스,XLI,0.07208206511411704,0.06708206511411703,0.0,,no_corr_filter
2026-05-08,3,084670,동양고속,XLE,0.015440929965055927,0.010440929965055926,-0.03835227272727273,1.515445426160898,no_corr_filter
2026-05-11,1,078150,HB테크놀러지,AMD,0.07653478265868564,0.07153478265868564,0.07660455486542443,9.934803120775124,no_corr_filter
2026-05-11,2,265520,AP시스템,MU,0.07766826364471337,0.07266826364471336,-0.013245033112582781,8.752250166047356,no_corr_filter
2026-05-11,3,319400,현대무벡스,XLK,0.05805390858076975,0.053053908580769756,0.003952569169960474,9.57422737856716,no_corr_filter
2026-05-12,1,000300,DH오토넥스,NFLX,0.22011248163705116,0.21511248163705116,0.0,,no_corr_filter
2026-05-12,2,254490,미래반도체,SMH,0.02598638292939411,0.020986382929394108,0.003740648379052369,9.240220236788327,no_corr_filter
2026-05-12,3,168360,펨트론,MU,0.03192416531994651,0.02692416531994651,0.060498220640569395,5.6507477779551865,no_corr_filter
2026-05-13,1,000440,중앙에너비스,EWY,0.06448922152723467,0.059489221527234674,0.023148148148148147,6.814449978028416,no_corr_filter
2026-05-13,2,389470,인벤티지랩,XLV,0.01775728965667465,0.01275728965667465,0.059027777777777776,5.320457749508561,no_corr_filter
2026-05-13,3,377460,큐에이드,TSLA,0.041214274487291994,0.036214274487291996,,,no_corr_filter
2026-02-11,1,033240,자화전자,TSM,0.006478446817566407,0.0014784468175664065,-0.028985507246376812,2.162478119091102,tight_corr
2026-02-11,2,030960,양지사,MU,0.005146710980126056,0.00014671098012605625,-0.012775842044134728,4.969786010245774,tight_corr
2026-02-12,1,086390,유니테스트,EWY,0.04596808547598009,0.04096808547598009,0.03740648379052369,4.954260163997005,tight_corr
2026-02-12,2,114810,한솔아이원스,MU,0.03508180431802861,0.03008180431802861,0.012933568489124045,3.968137271121052,tight_corr
2026-02-12,3,200470,에이팩트,TSM,0.03125275526489723,0.02625275526489723,0.002512562814070352,2.611645955444875,tight_corr
2026-02-13,1,001460,BYC,AMD,0.005758329874677389,0.000758329874677389,-0.021052631578947368,3.346443030653557,tight_corr
2026-02-19,1,044490,태웅,URA,0.01776699836503443,0.012766998365034428,0.035493827160493825,2.451336318921802,tight_corr
2026-02-19,2,084370,유진테크,MU,0.018150572856482715,0.013150572856482714,0.026785661421488548,2.033030289758045,tight_corr
2026-02-19,3,086390,유니테스트,EWY,0.011578611734113986,0.006578611734113986,0.03940886699507389,2.587572241545637,tight_corr
2026-02-20,1,086390,유니테스트,EWY,0.011536253412534303,0.006536253412534303,-0.01762114537444934,6.026269107169358,tight_corr
2026-02-20,2,440110,파두,SMCI,0.016314349698027898,0.011314349698027897,0.0,,tight_corr
2026-02-20,3,094820,일진파워,URA,0.006111193924033314,0.0011111939240333142,0.01015228426395939,5.516144062162087,tight_corr
2026-02-23,1,001200,유진투자증권,EWY,0.015380090879878325,0.010380090879878325,0.013467944247013702,8.23533922662609,tight_corr
2026-02-23,2,003720,삼영,GOOGL,0.01240064117253597,0.00740064117253597,0.014176663031624863,4.805644714279227,tight_corr
2026-02-23,3,388050,지투파워,TSM,0.009186034913090044,0.004186034913090044,0.02022058823529412,8.197961398113895,tight_corr
2026-02-24,1,030960,양지사,XLK,0.008827948538491356,0.003827948538491356,-0.006528835690968444,2.147331604603549,tight_corr
2026-02-24,2,009420,한올바이오파마,XBI,0.007672030837622281,0.002672030837622281,0.03436988543371522,1.976985876995043,tight_corr
2026-02-25,1,388050,지투파워,TSM,0.021210309178646497,0.016210309178646496,0.004091653027823241,9.189409618212515,tight_corr
2026-02-25,2,054210,이랜텍,AMD,0.01634858612287419,0.011348586122874187,0.0,7.094170128571116,tight_corr
2026-02-25,3,226590,엠디바이스,EWY,0.02574416268060118,0.02074416268060118,0.031914893617021274,3.2090243163523793,tight_corr
2026-02-26,1,254490,미래반도체,XLK,0.030413226474018337,0.025413226474018336,0.004975124378109453,5.176051441973442,tight_corr
2026-02-26,2,017510,세명전기,EWY,0.023161584091168898,0.018161584091168897,0.014517506404782237,5.438288707705511,tight_corr
2026-02-26,3,117730,티로보틱스,SMCI,0.033495174105498494,0.028495174105498493,0.013916500994035786,1.8831706694202948,tight_corr
2026-02-27,1,030960,양지사,SMH,0.012549256684673308,0.0075492566846733075,0.015730337078651686,0.7753976114311004,tight_corr
2026-02-27,2,001460,BYC,AMD,0.005427063726828844,0.00042706372682884373,-0.032490974729241874,0.6793815596433811,tight_corr
2026-03-03,1,000157,두산2우B,NVDA,0.011081009668775788,0.006081009668775787,-0.01763663231087472,7.897486772486772,tight_corr
2026-03-03,2,000720,현대건설,URA,0.011819572843175639,0.006819572843175639,-0.010928918313976329,6.108849225335833,tight_corr
2026-03-03,3,064350,현대로템,ITA,0.01784275715281722,0.01284275715281722,0.11279824139092544,2.476656317573194,tight_corr
2026-03-04,1,030960,양지사,MU,0.02977022928274984,0.02477022928274984,-0.022919179734620022,1.5723882708387973,tight_corr
2026-03-05,1,356680,엑스게이트,XLK,0.03704964210826629,0.032049642108266295,0.0392156862745098,3.6047556556654587,tight_corr
2026-03-05,2,000660,SK하이닉스,MU,0.061031282455897506,0.05603128245589751,0.14958775029446408,2.037901979007457,tight_corr
2026-03-05,3,348370,엔켐,AMD,0.045606786311571085,0.04060678631157109,0.06884057971014493,2.401703770230244,tight_corr
2026-03-06,1,013990,아가방컴퍼니,XLV,0.008070226182113088,0.003070226182113088,-0.013184584178498986,2.7916902139799094,tight_corr
2026-03-09,1,030960,양지사,SMH,0.03213668875322041,0.027136688753220412,-0.02012578616352201,0.29684556357119884,tight_corr
2026-03-10,1,089030,테크윙,SMH,0.07058771464642354,0.06558771464642353,0.07883211678832117,5.632947248536335,tight_corr
2026-03-10,2,044490,태웅,EWY,0.05062829451016737,0.04562829451016737,0.046134663341645885,2.619354183996519,tight_corr
2026-03-10,3,032820,우리기술,URA,0.04603315877815649,0.04103315877815649,0.06936416184971098,2.048139761088774,tight_corr
2026-03-11,1,089030,테크윙,MU,0.015083328632118356,0.010083328632118357,0.0,5.740869846705597,tight_corr
2026-03-11,2,105840,우진,URA,0.009250883699369813,0.004250883699369813,0.022727273564932315,3.3760556750905844,tight_corr
2026-03-11,3,065450,빅텍,EWY,0.007584737439601547,0.002584737439601547,-0.021233569261880688,3.267390213570652,tight_corr
2026-03-12,1,004090,한국석유,XLE,0.018725518657414716,0.013725518657414715,0.07901234567901234,6.295093913899257,tight_corr
2026-03-12,2,089030,테크윙,MU,0.016419633156414846,0.011419633156414845,-0.02,4.959220025811728,tight_corr
2026-03-12,3,200710,에이디테크놀로지,TSM,0.013279211980226814,0.008279211980226815,-0.04610655737704918,2.7295031326484542,tight_corr
2026-03-13,1,030960,양지사,XLY,0.031112910756819392,0.02611291075681939,0.0026560424966799467,0.1402031107237001,tight_corr
2026-03-16,1,033160,엠케이전자,MU,0.010355444375286158,0.005355444375286158,0.011888111888111888,8.121114811226276,tight_corr
2026-03-17,1,357580,아모센스,EWY,0.031037030651152122,0.02603703065115212,0.029880478087649404,6.226388179462652,tight_corr
2026-03-17,2,432720,퀄리타스반도체,SMH,0.029538630401395108,0.024538630401395107,0.028024606971975393,5.265451607337488,tight_corr
2026-03-17,3,425040,티이엠씨,MU,0.01482032381695869,0.00982032381695869,0.013388259526261586,9.967752166099226,tight_corr
2026-03-18,1,090710,휴림로봇,MU,0.011026847767271999,0.006026847767271999,0.026785714285714284,4.282239014631808,tight_corr
2026-03-18,2,200710,에이디테크놀로지,TSM,0.012303929919715968,0.007303929919715968,0.03005181347150259,2.487475415154403,tight_corr
2026-03-19,1,475400,씨메스로보틱스,AMD,0.005822404110536476,0.0008224041105364755,-0.03636363636363636,1.7274267893364779,tight_corr
2026-03-20,1,199820,제일일렉트릭,EWY,0.010379364072781368,0.005379364072781368,0.007819287576020852,6.172241696151842,tight_corr
2026-03-20,2,417200,LS머트리얼즈,AMD,0.007477195406325282,0.002477195406325282,0.016842034284677378,2.583818345855674,tight_corr
2026-03-23,1,117580,대성에너지,EWY,0.03294053898567035,0.02794053898567035,0.09515260323159784,2.4988200837478334,tight_corr
2026-03-24,1,092220,KEC,EWY,0.02481301959915757,0.01981301959915757,0.04046920821114369,9.736252585863589,tight_corr
2026-03-24,2,062970,한국첨단소재,XLY,0.026995768210763958,0.021995768210763957,0.2066420935968962,8.264813671629012,tight_corr
2026-03-24,3,348370,엔켐,TSM,0.02648753153264247,0.02148753153264247,-0.2982456140350877,3.2245853814827616,tight_corr
2026-03-25,1,007460,에이프로젠,XLB,0.008231855092952793,0.0032318550929527927,0.01796408353413905,6.490411635318939,tight_corr
2026-03-25,2,475580,에이럭스,XLE,0.007234398229056491,0.002234398229056491,0.0,2.1106198666739417,tight_corr
2026-03-26,1,348370,엔켐,AMD,0.02547611495922501,0.02047611495922501,0.18380462724935734,6.066087705146085,tight_corr
2026-03-26,2,432720,퀄리타스반도체,NVDA,0.015292033258942158,0.010292033258942158,0.00591016548463357,7.047447938528279,tight_corr
2026-03-26,3,451760,컨텍,XBI,0.026044701879546734,0.021044701879546733,0.006091370558375634,2.7138718756148044,tight_corr
2026-03-27,1,003300,한일홀딩스,SMCI,0.008455106640367702,0.003455106640367702,-0.024918743228602384,2.7653603143305365,tight_corr
2026-03-30,1,024060,흥구석유,XLE,0.016390493288675985,0.011390493288675984,0.10135474159558455,0.6611628795324944,tight_corr
2026-03-30,2,030960,양지사,XLK,0.013011928306876435,0.008011928306876435,0.0,0.5104591591467853,tight_corr
2026-03-30,3,004090,한국석유,XLE,0.012803002956504883,0.007803002956504883,0.06993424985056784,0.5772243216043437,tight_corr
2026-03-31,1,030960,양지사,SMH,0.02526777137879574,0.020267771378795738,-0.016296296296296295,0.3143042562034694,tight_corr
2026-03-31,2,000440,중앙에너비스,EWY,0.025097319309922386,0.020097319309922385,0.008456659619450317,0.2206480914685041,tight_corr
2026-03-31,3,024060,흥구석유,EWY,0.02213305810690801,0.01713305810690801,0.024330900243309004,0.5200968250893503,tight_corr
2026-04-01,1,012210,삼미금속,XLK,0.26122195158982164,0.25622195158982164,0.0121765601217656,4.302266681289868,tight_corr
2026-04-01,2,051980,중앙첨단소재,SMH,0.07025378499965723,0.06525378499965723,0.040268456375838924,8.668652715102393,tight_corr
2026-04-01,3,062970,한국첨단소재,TSM,0.0957144389811487,0.0907144389811487,0.14533622559652928,3.8949291689047345,tight_corr
2026-04-02,1,012210,삼미금속,XLK,0.06664076370783728,0.06164076370783728,0.0014005602240896359,5.541654445240786,tight_corr
2026-04-02,2,329180,HD현대중공업,XLI,0.022963917114280048,0.017963917114280047,0.03662597114317425,7.987685580659654,tight_corr
2026-04-02,3,078350,한양디지텍,MU,0.057636227155117535,0.05263622715511754,0.013029315960912053,2.162895332762262,tight_corr
2026-04-03,1,004090,한국석유,EWY,0.014095074754758009,0.009095074754758008,0.0,4.450638836252218,tight_corr
2026-04-03,2,051980,중앙첨단소재,AMD,0.0107897235022366,0.0057897235022366005,0.02425876010781671,5.53914683221488,tight_corr
2026-04-06,1,024060,흥구석유,EWY,0.015990951019025024,0.010990951019025023,0.011363636363636364,1.646060500294034,tight_corr
2026-04-06,2,002710,TCC스틸,AMD,0.008059894580622914,0.003059894580622914,0.01169993117687543,5.4960368989123545,tight_corr
2026-04-07,1,420770,기가비스,EWY,0.012129738487504902,0.007129738487504902,0.023543990086741014,1.603984943579471,tight_corr
2026-04-07,2,114810,한솔아이원스,MU,0.009068167367207624,0.004068167367207624,0.07498248072880168,1.9584803153125563,tight_corr
2026-04-08,1,356680,엑스게이트,SMCI,0.007138201533761071,0.002138201533761071,0.02857142857142857,2.279733063557141,tight_corr
2026-04-09,1,381620,제닉스로보틱스,SMH,0.06405623912566044,0.059056239125660444,0.0,8.962089525674113,tight_corr
2026-04-09,2,000720,현대건설,URA,0.06631852956956918,0.06131852956956919,-0.03285638579756227,5.349841935056281,tight_corr
2026-04-09,3,466100,클로봇,XLI,0.09721068891773191,0.0922106889177319,0.033783783783783786,3.003661670609173,tight_corr
2026-04-10,1,095610,테스,MU,0.027838247495224115,0.022838247495224114,0.050870147255689425,3.8087703584400217,tight_corr
2026-04-10,2,248070,솔루엠,XLY,0.014121417510849773,0.009121417510849772,0.015055008685581933,6.046779865758736,tight_corr
2026-04-10,3,056080,유진로봇,SMH,0.019762610076007922,0.014762610076007921,0.03177966101694915,3.042505931565917,tight_corr
2026-04-13,1,062970,한국첨단소재,SMCI,0.031980507539159,0.026980507539159,-0.01726263871763255,7.362046106929318,tight_corr
2026-04-13,2,002710,TCC스틸,AMD,0.014395923571803214,0.009395923571803213,-0.003001200480192077,7.866819272456493,tight_corr
2026-04-13,3,452450,피아이이,NVDA,0.01783416747626732,0.012834167476267318,0.0,4.5915572536760445,tight_corr
2026-04-14,1,089890,코세스,XLK,0.02521203117011938,0.02021203117011938,0.054104477611940295,4.694673632233735,tight_corr
2026-04-14,2,009410,태영건설,MSFT,0.01959674253828741,0.01459674253828741,0.01590559261159569,1.991150059298827,tight_corr
2026-04-14,3,260970,에스앤디,XLF,0.018583166621078652,0.013583166621078651,0.012027491408934709,2.06665822624549,tight_corr
2026-04-15,1,389020,자람테크놀로지,NVDA,0.04351506279668026,0.03851506279668026,0.006568144499178982,8.156231306737133,tight_corr
2026-04-15,2,253590,네오셈,MU,0.06664268763190793,0.06164268763190794,0.04225352112676056,2.9015463896748814,tight_corr
2026-04-15,3,030530,원익홀딩스,XLY,0.0398232033160782,0.0348232033160782,0.033816425120772944,4.664034671458133,tight_corr
2026-04-16,1,009410,태영건설,MSFT,0.02206243937148862,0.01706243937148862,0.03058823529411765,8.735925988390768,tight_corr
2026-04-16,2,432720,퀄리타스반도체,XLK,0.021997880351569955,0.016997880351569954,-0.011904761904761904,8.120229562069868,tight_corr
2026-04-16,3,388050,지투파워,URA,0.018649041130312558,0.013649041130312557,0.004291845493562232,5.806399845313686,tight_corr
2026-04-17,1,051980,중앙첨단소재,AMD,0.024177619646204056,0.019177619646204055,0.007425742574257425,4.572662863105739,tight_corr
2026-04-17,2,356680,엑스게이트,SMCI,0.011043430856398985,0.0060434308563989845,0.025489033787788974,6.765496129034694,tight_corr
2026-04-17,3,241520,DSC인베스트먼트,EWY,0.007814561232139012,0.002814561232139012,0.008370895041854474,5.62481457974431,tight_corr
2026-04-20,1,441270,파인엠텍,XLY,0.0393060504559591,0.0343060504559591,-0.004166666666666667,6.081446267843757,tight_corr
2026-04-20,2,319400,현대무벡스,XLI,0.03869980990778606,0.033699809907786066,-0.047839506172839504,5.843814756520311,tight_corr
2026-04-20,3,452450,피아이이,XLK,0.0277722361337288,0.0227722361337288,0.0015313935681470138,8.123777741274521,tight_corr
2026-04-22,1,051980,중앙첨단소재,AMD,0.01032711068124287,0.00532711068124287,0.03278688524590164,7.56036890783621,tight_corr
2026-04-23,1,007660,이수페타시스,TSM,0.0892540863860569,0.0842540863860569,-0.03531598513011153,8.088179654879939,tight_corr
2026-04-23,2,051980,중앙첨단소재,AMD,0.051459875810797626,0.04645987581079763,0.008968609865470852,8.90526065491515,tight_corr
2026-04-23,3,010690,화신,EWY,0.05414969219623784,0.04914969219623784,0.004633204633204633,7.311215010389928,tight_corr
2026-04-24,1,130660,한전산업,XLI,0.01845845975159539,0.013458459751595389,0.002386634844868735,7.836211308962582,tight_corr
2026-04-27,1,254490,미래반도체,SMH,0.10816445998447632,0.10316445998447632,0.012468827930174564,7.774141766230192,tight_corr
2026-04-27,2,215100,로보로보,AMD,0.07341697854388056,0.06841697854388055,0.017639077340569877,6.442126709712214,tight_corr
2026-04-27,3,356680,엑스게이트,XLK,0.05390550270314672,0.048905502703146725,0.0,5.264775566623306,tight_corr
2026-04-28,1,042700,한미반도체,MU,0.022469392838554435,0.017469392838554434,-0.01740294511378849,8.994427746962561,tight_corr
2026-04-28,2,011790,SKC,NVDA,0.016938862602277102,0.011938862602277101,-0.020048115477145148,8.622504214908828,tight_corr
2026-04-28,3,094820,일진파워,URA,0.008336634873203172,0.003336634873203172,0.032407407407407406,6.093604489491984,tight_corr
2026-04-29,1,005860,한일사료,SMH,0.013533322738507342,0.008533322738507342,0.01282051282051282,0.3970780116754857,tight_corr
2026-04-29,2,030960,양지사,SMH,0.012462129489817314,0.007462129489817314,0.0,0.8510493639405271,tight_corr
2026-04-29,3,000440,중앙에너비스,EWY,0.010026544076660775,0.005026544076660775,0.00936768149882904,0.3670231060854914,tight_corr
2026-04-30,1,417200,LS머트리얼즈,AMD,0.018732471216569527,0.013732471216569526,0.0112,6.999523280741969,tight_corr
2026-04-30,2,126340,비나텍,SMH,0.018848955637287165,0.013848955637287164,-0.027808069792802616,5.1821324410637954,tight_corr
2026-04-30,3,099190,아이센스,MU,0.009171379329949958,0.004171379329949958,-0.011494252873563218,1.523192669511727,tight_corr
2026-05-04,1,000300,DH오토넥스,NFLX,0.1507253161869408,0.1457253161869408,0.0,,tight_corr
2026-05-04,2,484810,티엑스알로보틱스,MU,0.01692352029080778,0.01192352029080778,0.024678663239074552,9.65905453233842,tight_corr
2026-05-04,3,356680,엑스게이트,TSLA,0.011421306656036391,0.006421306656036391,0.0936834634492548,3.4190571097987545,tight_corr
2026-05-06,1,060370,LS마린솔루션,EWY,0.06589347696785834,0.060893476967858344,0.029263370332996974,8.75619944361224,tight_corr
2026-05-06,2,322310,오로스테크놀로지,MU,0.06649347042731076,0.06149347042731076,0.024526198439241916,8.263336165602057,tight_corr
2026-05-06,3,000300,DH오토넥스,NFLX,0.31264337297473677,0.30764337297473676,0.0,,tight_corr
2026-05-07,1,254490,미래반도체,SMH,0.11316639782002413,0.10816639782002413,0.0,9.539257627379152,tight_corr
2026-05-07,2,322180,LS티라유텍,AMD,0.07761376195061319,0.07261376195061318,0.004024144869215292,6.907834997153687,tight_corr
2026-05-07,3,356680,엑스게이트,XLK,0.04133009391824353,0.03633009391824353,-0.06876015159718463,9.335090372032921,tight_corr
2026-05-08,1,203650,드림시큐리티,TSLA,0.011968121535542619,0.006968121535542619,-0.06779661016949153,8.495955968425191,tight_corr
2026-05-08,2,363280,티와이홀딩스,MSFT,0.005690420412550503,0.0006904204125505031,0.0,2.374255296647513,tight_corr
2026-05-08,3,001460,BYC,AMD,0.005182620412886392,0.00018262041288639227,-0.008146639511201629,2.4486452425960934,tight_corr
2026-05-11,1,078150,HB테크놀러지,AMD,0.07653478265868564,0.07153478265868564,0.07660455486542443,9.934803120775124,tight_corr
2026-05-11,2,265520,AP시스템,MU,0.07766826364471337,0.07266826364471336,-0.013245033112582781,8.752250166047356,tight_corr
2026-05-11,3,319400,현대무벡스,XLK,0.05805390858076975,0.053053908580769756,0.003952569169960474,9.57422737856716,tight_corr
2026-05-12,1,000300,DH오토넥스,NFLX,0.22011248163705116,0.21511248163705116,0.0,,tight_corr
2026-05-12,2,254490,미래반도체,SMH,0.02598638292939411,0.020986382929394108,0.003740648379052369,9.240220236788327,tight_corr
2026-05-12,3,168360,펨트론,MU,0.03192416531994651,0.02692416531994651,0.060498220640569395,5.6507477779551865,tight_corr
2026-05-13,1,024060,흥구석유,EWY,0.047387143376036917,0.04238714337603692,0.028169014084507043,8.939782408279079,tight_corr
2026-05-13,2,389470,인벤티지랩,XLV,0.01775728965667465,0.01275728965667465,0.059027777777777776,5.320457749508561,tight_corr
2026-05-13,3,030960,양지사,URA,0.01683498113550752,0.01183498113550752,0.0,2.703768064934779,tight_corr
2026-02-11,1,033240,자화전자,TSM,0.006478446817566407,0.0014784468175664065,-0.028985507246376812,2.162478119091102,no_vol_cap
2026-02-11,2,030960,양지사,MU,0.005146710980126056,0.00014671098012605625,-0.012775842044134728,4.969786010245774,no_vol_cap
2026-02-12,1,020120,키다리스튜디오,MU,0.00896594622296617,0.00396594622296617,0.0036144578313253013,112.42964063303434,no_vol_cap
2026-02-12,2,000300,DH오토넥스,NFLX,0.22828657209698733,0.22328657209698732,0.0,,no_vol_cap
2026-02-12,3,086390,유니테스트,EWY,0.04596808547598009,0.04096808547598009,0.03740648379052369,4.954260163997005,no_vol_cap
2026-02-13,1,000300,DH오토넥스,NFLX,0.33859331635433343,0.3335933163543334,0.0,,no_vol_cap
2026-02-13,2,013580,계룡건설,AAPL,0.007390941608851874,0.002390941608851874,-2.124084562696327e-08,4.161334260708283,no_vol_cap
2026-02-19,1,098120,마이크로컨텍솔,MU,0.014804260560248897,0.009804260560248898,0.029239766081871343,15.356733918822691,no_vol_cap
2026-02-19,2,044490,태웅,URA,0.01776699836503443,0.012766998365034428,0.035493827160493825,2.451336318921802,no_vol_cap
2026-02-19,3,086390,유니테스트,EWY,0.011578611734113986,0.006578611734113986,0.03940886699507389,2.587572241545637,no_vol_cap
2026-02-20,1,086390,유니테스트,EWY,0.011536253412534303,0.006536253412534303,-0.01762114537444934,6.026269107169358,no_vol_cap
2026-02-20,2,440110,파두,SMCI,0.016314349698027898,0.011314349698027897,0.0,,no_vol_cap
2026-02-20,3,094820,일진파워,URA,0.006111193924033314,0.0011111939240333142,0.01015228426395939,5.516144062162087,no_vol_cap
2026-02-23,1,001500,현대차증권,EWY,0.014832989353570563,0.009832989353570562,0.008804146255280618,17.6399775151741,no_vol_cap
2026-02-23,2,003720,삼영,GOOGL,0.01240064117253597,0.00740064117253597,0.014176663031624863,4.805644714279227,no_vol_cap
2026-02-23,3,388050,지투파워,TSM,0.009186034913090044,0.004186034913090044,0.02022058823529412,8.197961398113895,no_vol_cap
2026-02-24,1,000300,DH오토넥스,NFLX,0.23554219570392002,0.23054219570392,0.0,,no_vol_cap
2026-02-24,2,119610,인터로조,AMZN,0.012868697458618905,0.007868697458618904,0.0,1.5240386236665504,no_vol_cap
2026-02-24,3,030960,양지사,XLK,0.008827948538491356,0.003827948538491356,-0.006528835690968444,2.147331604603549,no_vol_cap
2026-02-25,1,035810,이지홀딩스,EWY,0.015209367335059398,0.010209367335059397,0.04220397749485795,54.60561683195848,no_vol_cap
2026-02-25,2,221800,지구홀딩스,AMD,0.03258147081138122,0.02758147081138122,0.06659989984977466,19.18995961068119,no_vol_cap
2026-02-25,3,006340,대원전선,XLY,0.012385504562646754,0.007385504562646754,0.07834101382488479,39.771996908029365,no_vol_cap
2026-02-26,1,000500,가온전선,EWY,0.042631486103970016,0.03763148610397002,-0.02461033634126333,11.479295329709423,no_vol_cap
2026-02-26,2,454910,두산로보틱스,XLK,0.01817663172524233,0.01317663172524233,0.04007455731593663,32.206282439706605,no_vol_cap
2026-02-26,3,082640,동양생명,XLF,0.010305009642071618,0.005305009642071618,0.0026041666666666665,11.175925350047047,no_vol_cap
2026-02-27,1,203400,에이비온,NFLX,0.009016919092488257,0.0040169190924882565,0.0078125,1.7872045646401835,no_vol_cap
2026-03-03,1,012200,계양전기,ITA,0.013007968269821738,0.008007968269821739,-0.025109170305676855,15.994216366438103,no_vol_cap
2026-03-03,2,000157,두산2우B,NVDA,0.011081009668775788,0.006081009668775787,-0.01763663231087472,7.897486772486772,no_vol_cap
2026-03-03,3,000720,현대건설,URA,0.011819572843175639,0.006819572843175639,-0.010928918313976329,6.108849225335833,no_vol_cap
2026-03-04,1,030960,양지사,MU,0.02977022928274984,0.02477022928274984,-0.022919179734620022,1.5723882708387973,no_vol_cap
2026-03-04,2,012750,에스원,EWY,0.011207519057489691,0.006207519057489691,0.017201834862385322,1.76217757874459,no_vol_cap
2026-03-04,3,013990,아가방컴퍼니,ITA,0.006050958683381247,0.0010509586833812468,-0.0021008403361344537,2.335673814623038,no_vol_cap
2026-03-05,1,089030,테크윙,XLK,0.04383265849974648,0.03883265849974648,0.11372549019607843,12.549920112422582,no_vol_cap
2026-03-05,2,000660,SK하이닉스,MU,0.061031282455897506,0.05603128245589751,0.14958775029446408,2.037901979007457,no_vol_cap
2026-03-05,3,088280,쏘닉스,AMD,0.014147305057564006,0.009147305057564007,0.07749469214437367,11.976577887980131,no_vol_cap
2026-03-06,1,014530,극동유화,EWY,0.017474165441654445,0.012474165441654445,0.0855397148676171,127.62193016116655,no_vol_cap
2026-03-06,2,402490,그린리소스,AVGO,0.008445324104174378,0.003445324104174378,-0.0016542597187758478,13.657667410207749,no_vol_cap
2026-03-06,3,013990,아가방컴퍼니,XLV,0.015479762204774435,0.010479762204774434,-0.013184584178498986,2.7916902139799094,no_vol_cap
2026-03-09,1,030960,양지사,SMH,0.03213668875322041,0.027136688753220412,-0.02012578616352201,0.29684556357119884,no_vol_cap
2026-03-09,2,119610,인터로조,AMZN,0.011879111797913738,0.006879111797913738,-0.049797336421540245,0.4412874559013978,no_vol_cap
2026-03-10,1,089030,테크윙,SMH,0.07058771464642354,0.06558771464642353,0.07883211678832117,5.632947248536335,no_vol_cap
2026-03-10,2,001390,KG케미칼,EWY,0.020496524485364247,0.015496524485364246,-0.013806798962175154,20.551136859806835,no_vol_cap
2026-03-10,3,091810,트리니티항공,AMD,0.055837720147566494,0.0508377201475665,0.027052238805970148,4.426710476542578,no_vol_cap
2026-03-11,1,117580,대성에너지,EWY,0.01253071778461309,0.00753071778461309,-0.0653061224489796,51.48346858540509,no_vol_cap
2026-03-11,2,089030,테크윙,MU,0.015083328632118356,0.010083328632118357,0.0,5.740869846705597,no_vol_cap
2026-03-11,3,105840,우진,URA,0.009250883699369813,0.004250883699369813,0.022727273564932315,3.3760556750905844,no_vol_cap
2026-03-12,1,000300,DH오토넥스,NFLX,0.14394798492568953,0.13894798492568952,0.0,,no_vol_cap
2026-03-12,2,357580,아모센스,EWY,0.01167253649158788,0.00667253649158788,0.022443890274314215,10.650730911326008,no_vol_cap
2026-03-12,3,033160,엠케이전자,MU,0.007823530041479645,0.0028235300414796447,0.0,20.908955723383666,no_vol_cap
2026-03-13,1,000440,중앙에너비스,EWY,0.05865270618637809,0.053652706186378095,0.08466453674121406,10.72129462359062,no_vol_cap
2026-03-13,2,192410,오늘이엔엠,XBI,0.007937949269082211,0.002937949269082211,,,no_vol_cap
2026-03-13,3,081150,티플랙스,ITA,0.0055524247349242675,0.0005524247349242674,0.0,3.8597983633596207,no_vol_cap
2026-03-16,1,033160,엠케이전자,MU,0.010355444375286158,0.005355444375286158,0.011888111888111888,8.121114811226276,no_vol_cap
2026-03-17,1,039980,폴라리스AI,SMH,0.009635263603019258,0.0046352636030192575,0.0,63.20702838464113,no_vol_cap
2026-03-17,2,357580,아모센스,EWY,0.031037030651152122,0.02603703065115212,0.029880478087649404,6.226388179462652,no_vol_cap
2026-03-17,3,425040,티이엠씨,MU,0.01482032381695869,0.00982032381695869,0.013388259526261586,9.967752166099226,no_vol_cap
2026-03-18,1,425040,티이엠씨,MU,0.009511490183774157,0.004511490183774156,0.021421616358325218,14.221079732861208,no_vol_cap
2026-03-18,2,200710,에이디테크놀로지,TSM,0.012303929919715968,0.007303929919715968,0.03005181347150259,2.487475415154403,no_vol_cap
2026-03-19,1,475400,씨메스로보틱스,AMD,0.005822404110536476,0.0008224041105364755,-0.03636363636363636,1.7274267893364779,no_vol_cap
2026-03-19,2,081150,티플랙스,KWEB,0.005125835545237528,0.00012583554523752823,0.0060790273556231,2.1334908446544594,no_vol_cap
2026-03-20,1,000300,DH오토넥스,NFLX,0.23126504041733326,0.22626504041733325,0.0,,no_vol_cap
2026-03-20,2,199820,제일일렉트릭,EWY,0.010379364072781368,0.005379364072781368,0.007819287576020852,6.172241696151842,no_vol_cap
2026-03-20,3,417200,LS머트리얼즈,AMD,0.007477195406325282,0.002477195406325282,0.016842034284677378,2.583818345855674,no_vol_cap
2026-03-23,1,117580,대성에너지,EWY,0.03294053898567035,0.02794053898567035,0.09515260323159784,2.4988200837478334,no_vol_cap
2026-03-23,2,081150,티플랙스,KWEB,0.009057315909369364,0.004057315909369364,-0.007385524372230428,3.3672709271351455,no_vol_cap
2026-03-24,1,035510,신세계 I&C,EWY,0.030828666837695487,0.025828666837695486,0.028571447881300126,16.460356107352613,no_vol_cap
2026-03-24,2,062970,한국첨단소재,XLY,0.026995768210763958,0.021995768210763957,0.2066420935968962,8.264813671629012,no_vol_cap
2026-03-24,3,160190,하이젠알앤엠,URA,0.013387034090453468,0.00838703409045347,0.014608233731739707,13.796852789346367,no_vol_cap
2026-03-25,1,003280,흥아해운,EWY,0.02444894584710469,0.01944894584710469,-0.015918958031837915,10.645815960545123,no_vol_cap
2026-03-25,2,000300,DH오토넥스,NFLX,0.19670999234439587,0.19170999234439587,0.0,,no_vol_cap
2026-03-25,3,007460,에이프로젠,XLB,0.008231855092952793,0.0032318550929527927,0.01796408353413905,6.490411635318939,no_vol_cap
2026-03-26,1,215600,신라젠,XBI,0.021340939955328125,0.016340939955328124,0.0038022813688212928,14.122224513795057,no_vol_cap
2026-03-26,2,348370,엔켐,AMD,0.02547611495922501,0.02047611495922501,0.18380462724935734,6.066087705146085,no_vol_cap
2026-03-26,3,432720,퀄리타스반도체,NVDA,0.015292033258942158,0.010292033258942158,0.00591016548463357,7.047447938528279,no_vol_cap
2026-03-27,1,003280,흥아해운,EWY,0.030116437986499003,0.025116437986499002,0.0,1.6461135838152927,no_vol_cap
2026-03-27,2,143240,사람인,SMCI,0.00843834600820103,0.0034383460082010294,4.350249321543126e-08,3.0320222093950138,no_vol_cap
2026-03-30,1,134380,미원화학,MSFT,0.005858214640796122,0.0008582146407961223,0.0,3.506993006993007,no_vol_cap
2026-03-31,1,143240,사람인,ITA,0.005830725646441494,0.0008307256464414941,0.0,2.7967895329979933,no_vol_cap
2026-03-31,2,018670,SK가스,EWY,0.005139694551907362,0.00013969455190736193,-0.01532567049808429,1.5959775296483807,no_vol_cap
2026-04-01,1,054920,한컴위드,XLK,0.04722179694376917,0.04222179694376917,0.01701701701701702,61.84957050222868,no_vol_cap
2026-04-01,2,425040,티이엠씨,TSM,0.06729962535347093,0.06229962535347094,-0.04090909090909091,31.88444050458921,no_vol_cap
2026-04-01,3,100700,세운메디칼,XLI,0.01948179236507344,0.01448179236507344,0.02178217821782178,134.9042761755931,no_vol_cap
2026-04-02,1,321260,프로이천,SMH,0.007815133661317194,0.0028151336613171938,-0.0015282730514518594,263.243413383073,no_vol_cap
2026-04-02,2,303810,동국생명과학,XLI,0.013095877855425448,0.008095877855425447,0.0,58.889389455585494,no_vol_cap
2026-04-02,3,012210,삼미금속,XLK,0.06664076370783728,0.06164076370783728,0.0014005602240896359,5.541654445240786,no_vol_cap
2026-04-03,1,091810,트리니티항공,AMD,0.03603392731962426,0.031033927319624257,0.00963855421686747,6.846804396492961,no_vol_cap
2026-04-03,2,004090,한국석유,EWY,0.014095074754758009,0.009095074754758008,0.0,4.450638836252218,no_vol_cap
2026-04-03,3,009160,SIMPAC,NFLX,0.00939144256349843,0.00439144256349843,0.0,1.7343728113181118,no_vol_cap
2026-04-06,1,091810,트리니티항공,AMD,0.036423503958426556,0.03142350395842656,-0.0023446658851113715,1.724956990756757,no_vol_cap
2026-04-06,2,024060,흥구석유,EWY,0.015990951019025024,0.010990951019025023,0.011363636363636364,1.646060500294034,no_vol_cap
2026-04-07,1,093370,후성,MU,0.007182468996258647,0.0021824689962586467,0.022222222222222223,25.384585384877884,no_vol_cap
2026-04-07,2,060250,NHN KCP,EWY,0.00783231514355814,0.0028323151435581404,0.007702182284980745,6.295767796023536,no_vol_cap
2026-04-08,1,356680,엑스게이트,SMCI,0.007138201533761071,0.002138201533761071,0.02857142857142857,2.279733063557141,no_vol_cap
2026-04-08,2,101670,하이드로리튬,GOOGL,0.005795310665037497,0.0007953106650374969,0.0340632603406326,2.767413268700276,no_vol_cap
2026-04-09,1,321260,프로이천,SMH,0.024998413752170136,0.019998413752170135,0.014466546112115732,275.24589978637067,no_vol_cap
2026-04-09,2,079900,전진건설로봇,EWY,0.06504691854680464,0.06004691854680464,-0.06301369863013699,38.879735158458566,no_vol_cap
2026-04-09,3,062970,한국첨단소재,TSM,0.09120298964567519,0.08620298964567519,,23.50277423750352,no_vol_cap
2026-04-10,1,093370,후성,MU,0.01599882002360339,0.01099882002360339,-0.026690391459074734,63.02889945825346,no_vol_cap
2026-04-10,2,259630,엠플러스,SMH,0.00806916605657553,0.0030691660565755298,0.002638522427440633,33.69574610053711,no_vol_cap
2026-04-10,3,365330,에스와이스틸텍,XLY,0.014251554489932206,0.009251554489932205,0.024739583333333332,9.466098625384475,no_vol_cap
2026-04-13,1,062970,한국첨단소재,SMCI,0.031980507539159,0.026980507539159,-0.01726263871763255,7.362046106929318,no_vol_cap
2026-04-13,2,228670,레이,AMZN,0.007092093871164936,0.002092093871164936,0.012413793103448275,57.65760581777103,no_vol_cap
2026-04-13,3,091810,트리니티항공,AMD,0.037015375463759874,0.032015375463759876,-0.015873015873015872,2.5859333583050357,no_vol_cap
2026-04-14,1,321260,프로이천,XLK,0.0054384875404624635,0.0004384875404624634,-0.024390243902439025,463.9223537604457,no_vol_cap
2026-04-14,2,009410,태영건설,MSFT,0.01959674253828741,0.01459674253828741,0.01590559261159569,1.991150059298827,no_vol_cap
2026-04-14,3,260970,에스앤디,XLF,0.018583166621078652,0.013583166621078651,0.012027491408934709,2.06665822624549,no_vol_cap
2026-04-15,1,356680,엑스게이트,XLK,0.035353123862068556,0.030353123862068555,0.2992992992992993,55.47960521509779,no_vol_cap
2026-04-15,2,432720,퀄리타스반도체,NVDA,0.07027902841033787,0.06527902841033786,0.0364963503649635,19.179974440184477,no_vol_cap
2026-04-15,3,102120,어보브반도체,TSM,0.04336105390693018,0.03836105390693018,0.02549342105263158,18.445133479142726,no_vol_cap
2026-04-16,1,158430,아톤,TSLA,0.0269507624262091,0.021950762426209098,0.17687074829931973,72.23002686879661,no_vol_cap
2026-04-16,2,095700,제넥신,MSFT,0.014391478461221408,0.009391478461221407,0.018779342723004695,39.32047260986333,no_vol_cap
2026-04-16,3,452190,한빛레이저,XLK,0.0065360232373844135,0.0015360232373844134,0.026515151515151516,185.3485633014067,no_vol_cap
2026-04-17,1,042510,라온시큐어,MSFT,0.007022371693795017,0.0020223716937950165,-0.1609344581440623,130.88620873585018,no_vol_cap
2026-04-17,2,051980,중앙첨단소재,AMD,0.024177619646204056,0.019177619646204055,0.007425742574257425,4.572662863105739,no_vol_cap
2026-04-17,3,356680,엑스게이트,SMCI,0.011043430856398985,0.0060434308563989845,0.025489033787788974,6.765496129034694,no_vol_cap
2026-04-20,1,356680,엑스게이트,XLY,0.05040719199879454,0.04540719199879454,-0.00266844563042028,142.17459666636955,no_vol_cap
2026-04-20,2,115500,케이씨에스,TSLA,0.022222147384569037,0.017222147384569036,0.12485939257592801,116.11470669610647,no_vol_cap
2026-04-20,3,084650,랩지노믹스,XLI,0.016681737995016155,0.011681737995016154,-0.07653910149750416,158.3753087334311,no_vol_cap
2026-04-21,1,000300,DH오토넥스,NFLX,0.188103815830055,0.183103815830055,0.0,,no_vol_cap
2026-04-22,1,000300,DH오토넥스,NFLX,0.18567367552708447,0.18067367552708447,0.0,,no_vol_cap
2026-04-22,2,051980,중앙첨단소재,AMD,0.01032711068124287,0.00532711068124287,0.03278688524590164,7.56036890783621,no_vol_cap
2026-04-22,3,119610,인터로조,AAPL,0.00594981701341794,0.0009498170134179399,0.02195121951219512,1.5032731565916881,no_vol_cap
2026-04-23,1,452190,한빛레이저,MU,0.049671782820022506,0.04467178282002251,-0.015759312320916905,167.3253155180866,no_vol_cap
2026-04-23,2,273640,와이엠텍,EWY,0.01380648112661768,0.00880648112661768,0.04433497536945813,175.22285203565633,no_vol_cap
2026-04-23,3,064820,케이프,URA,0.04308354577950455,0.038083545779504555,-0.024065864471184292,32.9600891559737,no_vol_cap
2026-04-24,1,130660,한전산업,XLI,0.01845845975159539,0.013458459751595389,0.002386634844868735,7.836211308962582,no_vol_cap
2026-04-24,2,003280,흥아해운,EWY,0.023251043242000308,0.018251043242000307,0.006339144215530904,1.9733757180201983,no_vol_cap
2026-04-24,3,134380,미원화학,MSFT,0.009165893046707837,0.004165893046707837,0.0,3.16585548483714,no_vol_cap
2026-04-27,1,308080,바이젠셀,TSM,0.05492420922681297,0.049924209226812975,0.05357142857142857,78.50171715314396,no_vol_cap
2026-04-27,2,036540,SFA반도체,SMH,0.12761300277186896,0.12261300277186896,0.05705394190871369,21.50255688752095,no_vol_cap
2026-04-27,3,092220,KEC,AMD,0.04436364879558382,0.03936364879558382,0.0005344735435595938,14.298061560423184,no_vol_cap
2026-04-28,1,452190,한빛레이저,NVDA,0.015157419545143052,0.010157419545143053,0.0,61.747918863346406,no_vol_cap
2026-04-28,2,042700,한미반도체,MU,0.022469392838554435,0.017469392838554434,-0.01740294511378849,8.994427746962561,no_vol_cap
2026-04-28,3,094820,일진파워,URA,0.008336634873203172,0.003336634873203172,0.032407407407407406,6.093604489491984,no_vol_cap
2026-04-29,1,004090,한국석유,TSM,0.03409882063390847,0.02909882063390847,0.006234413965087282,0.38762854771561456,no_vol_cap
2026-04-29,2,000440,중앙에너비스,SMH,0.030028772809263894,0.025028772809263893,0.00936768149882904,0.3670231060854914,no_vol_cap
2026-04-29,3,024060,흥구석유,XLE,0.026974953470550227,0.021974953470550226,0.01273148148148148,0.30708893214607386,no_vol_cap
2026-04-30,1,039860,나노엔텍,AMD,0.013836895135632108,0.008836895135632107,0.034013605442176874,16.533403408118478,no_vol_cap
2026-04-30,2,199820,제일일렉트릭,SMH,0.007492812744370459,0.002492812744370459,0.015024038461538462,31.666058470663504,no_vol_cap
2026-04-30,3,010950,S-Oil,XLE,0.010608688979047357,0.005608688979047357,-0.004467609828741623,3.878686200841129,no_vol_cap
2026-05-04,1,000300,DH오토넥스,NFLX,0.1507253161869408,0.1457253161869408,0.0,,no_vol_cap
2026-05-04,2,484810,티엑스알로보틱스,MU,0.01692352029080778,0.01192352029080778,0.024678663239074552,9.65905453233842,no_vol_cap
2026-05-04,3,381620,제닉스로보틱스,TSLA,0.007040285688698276,0.0020402856886982757,0.0068762278978389,18.618472542080923,no_vol_cap
2026-05-06,1,199820,제일일렉트릭,EWY,0.04887294886224705,0.04387294886224705,-0.016908212560386472,59.869672285036735,no_vol_cap
2026-05-06,2,059120,아진엑스텍,XLK,0.03652584354753964,0.03152584354753964,0.009499136442141624,57.79670011284272,no_vol_cap
2026-05-06,3,254490,미래반도체,SMH,0.03977806180476662,0.03477806180476662,0.07521367521367521,23.92486162528489,no_vol_cap
2026-05-07,1,092190,서울바이오시스,AMD,0.09996965714479367,0.09496965714479366,,37.12857332160798,no_vol_cap
2026-05-07,2,006660,삼성공조,SMH,0.03480538150087274,0.02980538150087274,-0.0013623978201634877,93.81985715871664,no_vol_cap
2026-05-07,3,018880,한온시스템,SMCI,0.06630840797783542,0.061308407977835426,0.0073937153419593345,15.168996467315848,no_vol_cap
2026-05-08,1,203650,드림시큐리티,TSLA,0.019759963264766246,0.014759963264766245,-0.06779661016949153,8.495955968425191,no_vol_cap
2026-05-08,2,025860,남해화학,XLI,0.011795642665343348,0.006795642665343348,0.011554621848739496,1.5779468517373905,no_vol_cap
2026-05-08,3,084670,동양고속,XLE,0.010671482234745714,0.005671482234745714,-0.03835227272727273,1.515445426160898,no_vol_cap
2026-05-11,1,264850,이랜시스,XLK,0.04871410247111867,0.04371410247111867,-0.01987577639751553,103.40300410133057,no_vol_cap
2026-05-11,2,092190,서울바이오시스,AMD,0.08827765572041482,0.08327765572041482,-0.006612784717119765,23.382165548574875,no_vol_cap
2026-05-11,3,003470,유안타증권,EWY,0.0541357173693486,0.0491357173693486,0.026499302649930265,35.2750478340872,no_vol_cap
2026-05-12,1,007820,엠엑스로보틱스,MU,0.018312510881129118,0.013312510881129117,0.04240282685512368,30.9192414250296,no_vol_cap
2026-05-12,2,381620,제닉스로보틱스,TSLA,0.019626689617234877,0.014626689617234876,0.040032025620496396,18.783839317396005,no_vol_cap
2026-05-12,3,000300,DH오토넥스,NFLX,0.22011248163705116,0.21511248163705116,0.0,,no_vol_cap
2026-05-13,1,000440,중앙에너비스,EWY,0.06448922152723467,0.059489221527234674,0.023148148148148147,6.814449978028416,no_vol_cap
2026-05-13,2,389470,인벤티지랩,XLV,0.01775728965667465,0.01275728965667465,0.059027777777777776,5.320457749508561,no_vol_cap
2026-05-13,3,030960,양지사,URA,0.01683498113550752,0.01183498113550752,0.0,2.703768064934779,no_vol_cap
2026-02-11,1,033240,자화전자,TSM,0.006478446817566407,0.0014784468175664065,-0.028985507246376812,2.162478119091102,no_sector_cap
2026-02-11,2,030960,양지사,MU,0.005146710980126056,0.00014671098012605625,-0.012775842044134728,4.969786010245774,no_sector_cap
2026-02-12,1,000300,DH오토넥스,NFLX,0.22828657209698733,0.22328657209698732,0.0,,no_sector_cap
2026-02-12,2,086390,유니테스트,EWY,0.04596808547598009,0.04096808547598009,0.03740648379052369,4.954260163997005,no_sector_cap
2026-02-12,3,114810,한솔아이원스,MU,0.03508180431802861,0.03008180431802861,0.012933568489124045,3.968137271121052,no_sector_cap
2026-02-13,1,000300,DH오토넥스,NFLX,0.33859331635433343,0.3335933163543334,0.0,,no_sector_cap
2026-02-13,2,013580,계룡건설,AAPL,0.007390941608851874,0.002390941608851874,-2.124084562696327e-08,4.161334260708283,no_sector_cap
2026-02-19,1,100790,미래에셋벤처투자,MU,0.01288361817657073,0.007883618176570729,0.0423728813559322,4.326564974573162,no_sector_cap
2026-02-19,2,044490,태웅,URA,0.01776699836503443,0.012766998365034428,0.035493827160493825,2.451336318921802,no_sector_cap
2026-02-19,3,003540,대신증권,MU,0.008378114526222497,0.0033781145262224968,0.0785024778564908,9.051237003997858,no_sector_cap
2026-02-20,1,086390,유니테스트,EWY,0.011536253412534303,0.006536253412534303,-0.01762114537444934,6.026269107169358,no_sector_cap
2026-02-20,2,440110,파두,SMCI,0.016314349698027898,0.011314349698027897,0.0,,no_sector_cap
2026-02-20,3,094820,일진파워,URA,0.006111193924033314,0.0011111939240333142,0.01015228426395939,5.516144062162087,no_sector_cap
2026-02-23,1,001200,유진투자증권,EWY,0.015380090879878325,0.010380090879878325,0.013467944247013702,8.23533922662609,no_sector_cap
2026-02-23,2,460930,현대힘스,EWY,0.013701366114799402,0.008701366114799401,-0.00501002004008016,8.969512558916533,no_sector_cap
2026-02-23,3,005440,현대지에프홀딩스,EWY,0.02232031659617759,0.01732031659617759,0.013249607353302521,4.239725141238877,no_sector_cap
2026-02-24,1,000300,DH오토넥스,NFLX,0.23554219570392002,0.23054219570392,0.0,,no_sector_cap
2026-02-24,2,119610,인터로조,AMZN,0.012868697458618905,0.007868697458618904,0.0,1.5240386236665504,no_sector_cap
2026-02-24,3,030960,양지사,XLK,0.008827948538491356,0.003827948538491356,-0.006528835690968444,2.147331604603549,no_sector_cap
2026-02-25,1,388050,지투파워,TSM,0.021210309178646497,0.016210309178646496,0.004091653027823241,9.189409618212515,no_sector_cap
2026-02-25,2,093520,매커스,EWY,0.023490824149776907,0.018490824149776906,-0.021875,6.495549881886945,no_sector_cap
2026-02-25,3,054210,이랜텍,AMD,0.01634858612287419,0.011348586122874187,0.0,7.094170128571116,no_sector_cap
2026-02-26,1,254490,미래반도체,XLK,0.030413226474018337,0.025413226474018336,0.004975124378109453,5.176051441973442,no_sector_cap
2026-02-26,2,017510,세명전기,EWY,0.023161584091168898,0.018161584091168897,0.014517506404782237,5.438288707705511,no_sector_cap
2026-02-26,3,032940,원익,XLK,0.015289703182716873,0.010289703182716874,0.009448818897637795,9.419443610456174,no_sector_cap
2026-02-27,1,203400,에이비온,NFLX,0.009016919092488257,0.0040169190924882565,0.0078125,1.7872045646401835,no_sector_cap
2026-02-27,2,009160,SIMPAC,NFLX,0.006026879277673802,0.001026879277673802,0.0018450184501845018,2.763627043839377,no_sector_cap
2026-03-03,1,000157,두산2우B,NVDA,0.011081009668775788,0.006081009668775787,-0.01763663231087472,7.897486772486772,no_sector_cap
2026-03-03,2,000720,현대건설,URA,0.011819572843175639,0.006819572843175639,-0.010928918313976329,6.108849225335833,no_sector_cap
2026-03-03,3,064350,현대로템,ITA,0.01784275715281722,0.01284275715281722,0.11279824139092544,2.476656317573194,no_sector_cap
2026-03-04,1,030960,양지사,MU,0.02977022928274984,0.02477022928274984,-0.022919179734620022,1.5723882708387973,no_sector_cap
2026-03-04,2,012750,에스원,EWY,0.011207519057489691,0.006207519057489691,0.017201834862385322,1.76217757874459,no_sector_cap
2026-03-04,3,013990,아가방컴퍼니,ITA,0.006050958683381247,0.0010509586833812468,-0.0021008403361344537,2.335673814623038,no_sector_cap
2026-03-05,1,356680,엑스게이트,XLK,0.03704964210826629,0.032049642108266295,0.0392156862745098,3.6047556556654587,no_sector_cap
2026-03-05,2,000660,SK하이닉스,MU,0.061031282455897506,0.05603128245589751,0.14958775029446408,2.037901979007457,no_sector_cap
2026-03-05,3,064290,인텍플러스,MU,0.03314281536142368,0.02814281536142368,0.06610407876230662,3.560544380587484,no_sector_cap
2026-03-06,1,010955,S-Oil우,EWY,0.00974688903162869,0.004746889031628689,0.023890776407004488,6.55188034362438,no_sector_cap
2026-03-06,2,013990,아가방컴퍼니,XLV,0.015479762204774435,0.010479762204774434,-0.013184584178498986,2.7916902139799094,no_sector_cap
2026-03-06,3,017390,서울가스,EWY,0.007157813926816495,0.002157813926816495,0.05688622754491018,7.396841569026999,no_sector_cap
2026-03-09,1,030960,양지사,SMH,0.03213668875322041,0.027136688753220412,-0.02012578616352201,0.29684556357119884,no_sector_cap
2026-03-09,2,119610,인터로조,AMZN,0.011879111797913738,0.006879111797913738,-0.049797336421540245,0.4412874559013978,no_sector_cap
2026-03-10,1,089030,테크윙,SMH,0.07058771464642354,0.06558771464642353,0.07883211678832117,5.632947248536335,no_sector_cap
2026-03-10,2,091810,트리니티항공,AMD,0.055837720147566494,0.0508377201475665,0.027052238805970148,4.426710476542578,no_sector_cap
2026-03-10,3,047050,포스코인터내셔널,SMH,0.026693090607264543,0.021693090607264542,-0.04830281862130593,7.6085459111658515,no_sector_cap
2026-03-11,1,089030,테크윙,MU,0.015083328632118356,0.010083328632118357,0.0,5.740869846705597,no_sector_cap
2026-03-11,2,024060,흥구석유,EWY,0.014018011740330882,0.009018011740330883,-0.05405405405405406,3.170281570104451,no_sector_cap
2026-03-11,3,253590,네오셈,MU,0.014016900011687096,0.009016900011687097,0.024102838778789503,2.0892395665480947,no_sector_cap
2026-03-12,1,000300,DH오토넥스,NFLX,0.14394798492568953,0.13894798492568952,0.0,,no_sector_cap
2026-03-12,2,089030,테크윙,MU,0.016419633156414846,0.011419633156414845,-0.02,4.959220025811728,no_sector_cap
2026-03-12,3,253590,네오셈,MU,0.01535658225907302,0.01035658225907302,0.0,4.884564695349743,no_sector_cap
2026-03-13,1,004090,한국석유,EWY,0.03341451875064176,0.02841451875064176,0.04950495049504951,4.137218621293102,no_sector_cap
2026-03-13,2,024740,한일단조,EWY,0.014438255674320314,0.009438255674320314,0.029605263157894735,4.221350878608991,no_sector_cap
2026-03-13,3,017390,서울가스,EWY,0.010416210151712783,0.005416210151712783,0.014285714285714285,2.441019227763014,no_sector_cap
2026-03-16,1,033160,엠케이전자,MU,0.010355444375286158,0.005355444375286158,0.011888111888111888,8.121114811226276,no_sector_cap
2026-03-16,2,036810,에프에스티,MU,0.01972108051312888,0.01472108051312888,0.012345679012345678,2.4273025786358664,no_sector_cap
2026-03-16,3,322310,오로스테크놀로지,MU,0.012831294066454132,0.007831294066454133,0.0015151515151515152,4.387666425268788,no_sector_cap
2026-03-17,1,357580,아모센스,EWY,0.031037030651152122,0.02603703065115212,0.029880478087649404,6.226388179462652,no_sector_cap
2026-03-17,2,432720,퀄리타스반도체,SMH,0.029538630401395108,0.024538630401395107,0.028024606971975393,5.265451607337488,no_sector_cap
2026-03-17,3,085620,미래에셋생명,EWY,0.023990762931302423,0.018990762931302422,0.11655011655011654,6.035414246556144,no_sector_cap
2026-03-18,1,085620,미래에셋생명,MU,0.012147028641660663,0.007147028641660663,0.11085714285714286,5.18897463931515,no_sector_cap
2026-03-18,2,090710,휴림로봇,MU,0.011026847767271999,0.006026847767271999,0.026785714285714284,4.282239014631808,no_sector_cap
2026-03-18,3,033160,엠케이전자,MU,0.009058470357648908,0.004058470357648908,0.01309090909090909,5.975874100617752,no_sector_cap
2026-03-19,1,475400,씨메스로보틱스,AMD,0.005822404110536476,0.0008224041105364755,-0.03636363636363636,1.7274267893364779,no_sector_cap
2026-03-19,2,081150,티플랙스,KWEB,0.005125835545237528,0.00012583554523752823,0.0060790273556231,2.1334908446544594,no_sector_cap
2026-03-20,1,000300,DH오토넥스,NFLX,0.23126504041733326,0.22626504041733325,0.0,,no_sector_cap
2026-03-20,2,199820,제일일렉트릭,EWY,0.010379364072781368,0.005379364072781368,0.007819287576020852,6.172241696151842,no_sector_cap
2026-03-20,3,417200,LS머트리얼즈,AMD,0.007477195406325282,0.002477195406325282,0.016842034284677378,2.583818345855674,no_sector_cap
2026-03-23,1,117580,대성에너지,EWY,0.03294053898567035,0.02794053898567035,0.09515260323159784,2.4988200837478334,no_sector_cap
2026-03-23,2,068790,DMS,EWY,0.015059003093597036,0.010059003093597037,-0.09378960709759189,3.2147312147312146,no_sector_cap
2026-03-23,3,081150,티플랙스,KWEB,0.009057315909369364,0.004057315909369364,-0.007385524372230428,3.3672709271351455,no_sector_cap
2026-03-24,1,092220,KEC,EWY,0.02481301959915757,0.01981301959915757,0.04046920821114369,9.736252585863589,no_sector_cap
2026-03-24,2,062970,한국첨단소재,XLY,0.026995768210763958,0.021995768210763957,0.2066420935968962,8.264813671629012,no_sector_cap
2026-03-24,3,375500,DL이앤씨,EWY,0.030081999486653646,0.025081999486653645,0.012084542053686328,6.124678457976942,no_sector_cap
2026-03-25,1,000300,DH오토넥스,NFLX,0.19670999234439587,0.19170999234439587,0.0,,no_sector_cap
2026-03-25,2,007460,에이프로젠,XLB,0.008231855092952793,0.0032318550929527927,0.01796408353413905,6.490411635318939,no_sector_cap
2026-03-25,3,001430,세아베스틸지주,XLB,0.009847949325782174,0.004847949325782174,0.0029027616070498663,2.0507647458168603,no_sector_cap
2026-03-26,1,348370,엔켐,AMD,0.02547611495922501,0.02047611495922501,0.18380462724935734,6.066087705146085,no_sector_cap
2026-03-26,2,051980,중앙첨단소재,AMD,0.02140260691206557,0.01640260691206557,0.10058823529411764,6.961939294695596,no_sector_cap
2026-03-26,3,375500,DL이앤씨,AMD,0.0150687267765711,0.0100687267765711,-4.81844832608857e-08,9.250226352941661,no_sector_cap
2026-03-27,1,003280,흥아해운,EWY,0.030116437986499003,0.025116437986499002,0.0,1.6461135838152927,no_sector_cap
2026-03-27,2,143240,사람인,SMCI,0.00843834600820103,0.0034383460082010294,4.350249321543126e-08,3.0320222093950138,no_sector_cap
2026-03-27,3,003300,한일홀딩스,SMCI,0.008455106640367702,0.003455106640367702,-0.024918743228602384,2.7653603143305365,no_sector_cap
2026-03-30,1,134380,미원화학,MSFT,0.005858214640796122,0.0008582146407961223,0.0,3.506993006993007,no_sector_cap
2026-03-31,1,143240,사람인,ITA,0.005830725646441494,0.0008307256464414941,0.0,2.7967895329979933,no_sector_cap
2026-03-31,2,018670,SK가스,EWY,0.005139694551907362,0.00013969455190736193,-0.01532567049808429,1.5959775296483807,no_sector_cap
2026-04-01,1,012210,삼미금속,XLK,0.26122195158982164,0.25622195158982164,0.0121765601217656,4.302266681289868,no_sector_cap
2026-04-01,2,317330,덕산테코피아,XLK,0.07973754957937702,0.07473754957937702,-0.006996770721205597,8.48235294117647,no_sector_cap
2026-04-01,3,451220,아이엠티,XLK,0.07627748611324249,0.07127748611324249,0.04195205479452055,8.666580900136884,no_sector_cap
2026-04-02,1,012210,삼미금속,XLK,0.06664076370783728,0.06164076370783728,0.0014005602240896359,5.541654445240786,no_sector_cap
2026-04-02,2,091810,트리니티항공,AMD,0.03476962812433568,0.029769628124335677,-0.0011160714285714285,6.710859414623171,no_sector_cap
2026-04-02,3,329180,HD현대중공업,XLI,0.022963917114280048,0.017963917114280047,0.03662597114317425,7.987685580659654,no_sector_cap
2026-04-03,1,091810,트리니티항공,AMD,0.03603392731962426,0.031033927319624257,0.00963855421686747,6.846804396492961,no_sector_cap
2026-04-03,2,004090,한국석유,EWY,0.014095074754758009,0.009095074754758008,0.0,4.450638836252218,no_sector_cap
2026-04-03,3,051980,중앙첨단소재,AMD,0.0107897235022366,0.0057897235022366005,0.02425876010781671,5.53914683221488,no_sector_cap
2026-04-06,1,091810,트리니티항공,AMD,0.036423503958426556,0.03142350395842656,-0.0023446658851113715,1.724956990756757,no_sector_cap
2026-04-06,2,024060,흥구석유,EWY,0.015990951019025024,0.010990951019025023,0.011363636363636364,1.646060500294034,no_sector_cap
2026-04-06,3,002710,TCC스틸,AMD,0.008059894580622914,0.003059894580622914,0.01169993117687543,5.4960368989123545,no_sector_cap
2026-04-07,1,060250,NHN KCP,EWY,0.00783231514355814,0.0028323151435581404,0.007702182284980745,6.295767796023536,no_sector_cap
2026-04-07,2,012200,계양전기,EWY,0.010017355076018083,0.005017355076018083,0.0015151515151515152,2.8783061907902923,no_sector_cap
2026-04-07,3,420770,기가비스,EWY,0.012129738487504902,0.007129738487504902,0.023543990086741014,1.603984943579471,no_sector_cap
2026-04-08,1,356680,엑스게이트,SMCI,0.007138201533761071,0.002138201533761071,0.02857142857142857,2.279733063557141,no_sector_cap
2026-04-08,2,101670,하이드로리튬,GOOGL,0.005795310665037497,0.0007953106650374969,0.0340632603406326,2.767413268700276,no_sector_cap
2026-04-09,1,381620,제닉스로보틱스,SMH,0.06405623912566044,0.059056239125660444,0.0,8.962089525674113,no_sector_cap
2026-04-09,2,000155,두산우,SMH,0.10575796515804994,0.10075796515804994,-8.761925974791458e-08,4.894413306816127,no_sector_cap
2026-04-09,3,038500,삼표시멘트,EWY,0.05355881214942943,0.048558812149429434,-0.03724928366762178,7.6640614442610575,no_sector_cap
2026-04-10,1,365330,에스와이스틸텍,XLY,0.014251554489932206,0.009251554489932205,0.024739583333333332,9.466098625384475,no_sector_cap
2026-04-10,2,095610,테스,MU,0.027838247495224115,0.022838247495224114,0.050870147255689425,3.8087703584400217,no_sector_cap
2026-04-10,3,005290,동진쎄미켐,MU,0.022596398465174493,0.017596398465174492,0.03107658157602664,4.381786649965794,no_sector_cap
2026-04-13,1,062970,한국첨단소재,SMCI,0.031980507539159,0.026980507539159,-0.01726263871763255,7.362046106929318,no_sector_cap
2026-04-13,2,091810,트리니티항공,AMD,0.037015375463759874,0.032015375463759876,-0.015873015873015872,2.5859333583050357,no_sector_cap
2026-04-13,3,002710,TCC스틸,AMD,0.014395923571803214,0.009395923571803213,-0.003001200480192077,7.866819272456493,no_sector_cap
2026-04-14,1,089890,코세스,XLK,0.02521203117011938,0.02021203117011938,0.054104477611940295,4.694673632233735,no_sector_cap
2026-04-14,2,356680,엑스게이트,XLK,0.022492733367491607,0.017492733367491606,0.235370611183355,4.490264924400417,no_sector_cap
2026-04-14,3,456010,아이씨티케이,XLK,0.02821465086309894,0.02321465086309894,0.09936708860759494,2.871078306015855,no_sector_cap
2026-04-15,1,389020,자람테크놀로지,NVDA,0.04351506279668026,0.03851506279668026,0.006568144499178982,8.156231306737133,no_sector_cap
2026-04-15,2,253590,네오셈,MU,0.06664268763190793,0.06164268763190794,0.04225352112676056,2.9015463896748814,no_sector_cap
2026-04-15,3,272110,케이엔제이,MU,0.042249431200124525,0.03724943120012453,0.008684863523573201,4.5739222788050435,no_sector_cap
2026-04-16,1,009410,태영건설,MSFT,0.02206243937148862,0.01706243937148862,0.03058823529411765,8.735925988390768,no_sector_cap
2026-04-16,2,432720,퀄리타스반도체,XLK,0.021997880351569955,0.016997880351569954,-0.011904761904761904,8.120229562069868,no_sector_cap
2026-04-16,3,456010,아이씨티케이,XLK,0.015451266438971269,0.01045126643897127,0.26143790849673204,9.838582677165354,no_sector_cap
2026-04-17,1,051980,중앙첨단소재,AMD,0.024177619646204056,0.019177619646204055,0.007425742574257425,4.572662863105739,no_sector_cap
2026-04-17,2,348340,뉴로메카,AMD,0.024701314898574366,0.019701314898574365,0.019402985074626865,2.8208982464678987,no_sector_cap
2026-04-17,3,032820,우리기술,AMD,0.02271900978861193,0.01771900978861193,0.008658008658008658,2.5141750652781174,no_sector_cap
2026-04-20,1,000300,DH오토넥스,NFLX,0.7973297879420748,0.7923297879420748,0.0,,no_sector_cap
2026-04-20,2,441270,파인엠텍,XLY,0.0393060504559591,0.0343060504559591,-0.004166666666666667,6.081446267843757,no_sector_cap
2026-04-20,3,319400,현대무벡스,XLI,0.03869980990778606,0.033699809907786066,-0.047839506172839504,5.843814756520311,no_sector_cap
2026-04-21,1,000300,DH오토넥스,NFLX,0.188103815830055,0.183103815830055,0.0,,no_sector_cap
2026-04-22,1,000300,DH오토넥스,NFLX,0.18567367552708447,0.18067367552708447,0.0,,no_sector_cap
2026-04-22,2,051980,중앙첨단소재,AMD,0.01032711068124287,0.00532711068124287,0.03278688524590164,7.56036890783621,no_sector_cap
2026-04-22,3,348370,엔켐,AMD,0.01303403583936949,0.008034035839369489,0.1065989847715736,4.189079102985027,no_sector_cap
2026-04-23,1,007660,이수페타시스,TSM,0.0892540863860569,0.0842540863860569,-0.03531598513011153,8.088179654879939,no_sector_cap
2026-04-23,2,051980,중앙첨단소재,AMD,0.051459875810797626,0.04645987581079763,0.008968609865470852,8.90526065491515,no_sector_cap
2026-04-23,3,010690,화신,EWY,0.05414969219623784,0.04914969219623784,0.004633204633204633,7.311215010389928,no_sector_cap
2026-04-24,1,130660,한전산업,XLI,0.01845845975159539,0.013458459751595389,0.002386634844868735,7.836211308962582,no_sector_cap
2026-04-24,2,010140,삼성중공업,XLI,0.012559570841975053,0.007559570841975053,0.030882352941176472,6.716418614958297,no_sector_cap
2026-04-24,3,082740,한화엔진,XLI,0.013268930053500827,0.008268930053500826,0.021398002853067047,5.188582926247446,no_sector_cap
2026-04-27,1,254490,미래반도체,SMH,0.10816445998447632,0.10316445998447632,0.012468827930174564,7.774141766230192,no_sector_cap
2026-04-27,2,452430,사피엔반도체,SMH,0.07204115923171786,0.06704115923171786,-0.014989293361884369,9.997139724460123,no_sector_cap
2026-04-27,3,033640,네패스,SMH,0.09600368703090284,0.09100368703090284,-0.002886002886002886,5.904603154250545,no_sector_cap
2026-04-28,1,042700,한미반도체,MU,0.022469392838554435,0.017469392838554434,-0.01740294511378849,8.994427746962561,no_sector_cap
2026-04-28,2,011790,SKC,NVDA,0.016938862602277102,0.011938862602277101,-0.020048115477145148,8.622504214908828,no_sector_cap
2026-04-28,3,056080,유진로봇,NVDA,0.02453814665907684,0.019538146659076838,0.025735294117647058,5.1759911912508585,no_sector_cap
2026-04-29,1,004090,한국석유,TSM,0.03409882063390847,0.02909882063390847,0.006234413965087282,0.38762854771561456,no_sector_cap
2026-04-29,2,000440,중앙에너비스,SMH,0.030028772809263894,0.025028772809263893,0.00936768149882904,0.3670231060854914,no_sector_cap
2026-04-29,3,024060,흥구석유,XLE,0.026974953470550227,0.021974953470550226,0.01273148148148148,0.30708893214607386,no_sector_cap
2026-04-30,1,417200,LS머트리얼즈,AMD,0.018732471216569527,0.013732471216569526,0.0112,6.999523280741969,no_sector_cap
2026-04-30,2,229640,LS에코에너지,AMD,0.01881194603405499,0.01381194603405499,-0.0352035203520352,5.942346966574167,no_sector_cap
2026-04-30,3,126340,비나텍,SMH,0.018848955637287165,0.013848955637287164,-0.027808069792802616,5.1821324410637954,no_sector_cap
2026-05-04,1,000300,DH오토넥스,NFLX,0.1507253161869408,0.1457253161869408,0.0,,no_sector_cap
2026-05-04,2,484810,티엑스알로보틱스,MU,0.01692352029080778,0.01192352029080778,0.024678663239074552,9.65905453233842,no_sector_cap
2026-05-04,3,042700,한미반도체,MU,0.01935392138587473,0.01435392138587473,0.04619565217391304,4.201710779411261,no_sector_cap
2026-05-06,1,060370,LS마린솔루션,EWY,0.06589347696785834,0.060893476967858344,0.029263370332996974,8.75619944361224,no_sector_cap
2026-05-06,2,322310,오로스테크놀로지,MU,0.06649347042731076,0.06149347042731076,0.024526198439241916,8.263336165602057,no_sector_cap
2026-05-06,3,402340,SK스퀘어,MU,0.10922646475094457,0.10422646475094456,0.1099899091826438,3.019426305228913,no_sector_cap
2026-05-07,1,254490,미래반도체,SMH,0.11316639782002413,0.10816639782002413,0.0,9.539257627379152,no_sector_cap
2026-05-07,2,102120,어보브반도체,SMH,0.09079766294650098,0.08579766294650097,0.0,9.178759748553325,no_sector_cap
2026-05-07,3,006800,미래에셋증권,SMH,0.07188583429529316,0.06688583429529316,-0.011933174224343675,8.963343325312865,no_sector_cap
2026-05-08,1,203650,드림시큐리티,TSLA,0.019759963264766246,0.014759963264766245,-0.06779661016949153,8.495955968425191,no_sector_cap
2026-05-08,2,356680,엑스게이트,TSLA,0.028814231140286847,0.023814231140286846,-0.04379124175164967,2.2969469377058553,no_sector_cap
2026-05-08,3,370090,퓨런티어,TSLA,0.012488156918357354,0.007488156918357354,-0.009110021023125438,1.8044826033212278,no_sector_cap
2026-05-11,1,078150,HB테크놀러지,AMD,0.07653478265868564,0.07153478265868564,0.07660455486542443,9.934803120775124,no_sector_cap
2026-05-11,2,265520,AP시스템,MU,0.07766826364471337,0.07266826364471336,-0.013245033112582781,8.752250166047356,no_sector_cap
2026-05-11,3,036710,심텍홀딩스,MU,0.0856839143078122,0.0806839143078122,0.039525691699604744,6.529183348335851,no_sector_cap
2026-05-12,1,000300,DH오토넥스,NFLX,0.22011248163705116,0.21511248163705116,0.0,,no_sector_cap
2026-05-12,2,254490,미래반도체,SMH,0.02598638292939411,0.020986382929394108,0.003740648379052369,9.240220236788327,no_sector_cap
2026-05-12,3,168360,펨트론,MU,0.03192416531994651,0.02692416531994651,0.060498220640569395,5.6507477779551865,no_sector_cap
2026-05-13,1,000440,중앙에너비스,EWY,0.06448922152723467,0.059489221527234674,0.023148148148148147,6.814449978028416,no_sector_cap
2026-05-13,2,024060,흥구석유,EWY,0.047387143376036917,0.04238714337603692,0.028169014084507043,8.939782408279079,no_sector_cap
2026-05-13,3,004090,한국석유,EWY,0.05339894673476756,0.048398946734767564,0.011596180081855388,7.510025089586478,no_sector_cap
