ticker6,name,market_cap,sma5,sma20,sma60,high20,prev_close,rsi14,vol_median20,macd_state,chg5d_pct
005930,삼성전자,1593110920680000.0,275700.0,262875.0,260266.67,285500.0,272500.0,54.37,16930288.0,bullish,4.41
000660,SK하이닉스,1289319024225000.0,1820600.0,1758550.0,1761167.86,1868000.0,1765000.0,50.43,2943562.0,bullish,-4.95
005935,삼성전자우,163683725412000.0,210100.0,196740.0,188236.67,220000.0,204000.0,54.19,3612830.0,bullish,4.03
402340,SK스퀘어,147491029764000.0,1133600.0,1075050.0,1118200.0,1190000.0,1118000.0,52.65,526710.0,bullish,3.61
009150,삼성전기,114131967488000.0,1489800.0,1413350.0,1386033.33,1528000.0,1528000.0,59.75,587606.0,bullish,10.09
373220,LG에너지솔루션,82485000000000.0,354100.0,360350.0,347108.33,378000.0,352500.0,47.74,308933.0,bearish,-3.16
005380,현대차,71213272200000.0,355500.0,374625.0,402437.58,403500.0,350000.0,31.61,473999.0,bearish,-4.11
207940,삼성바이오로직스,64112967135000.0,1388800.0,1431900.0,1464200.0,1520000.0,1385000.0,39.1,32316.0,bearish,-0.93
105560,KB금융,61538321849000.0,174820.0,174935.0,171621.08,181600.0,173500.0,50.08,1024097.0,bearish,-0.8
032830,삼성생명,58100000000000.0,292600.0,297225.0,306825.0,312000.0,290500.0,46.48,294614.0,bullish,2.47
028260,삼성물산,55947815445000.0,358400.0,366250.0,362016.67,390500.0,345000.0,42.41,309470.0,bearish,-1.71
012450,한화에어로스페이스,52182161812000.0,1038200.0,1058450.0,1039300.0,1137000.0,1012000.0,43.04,114842.0,bearish,-6.12
055550,신한지주,51874251409500.0,111480.0,111795.0,107192.43,114600.0,110500.0,50.56,953956.0,bearish,0.36
034020,두산에너빌리티,51052723336200.0,83040.0,84560.0,78368.33,91700.0,79700.0,44.09,2442368.0,bearish,-6.12
000270,기아,45287907768000.0,117500.0,123585.0,132941.67,131200.0,116000.0,34.29,807037.0,bearish,-4.84
329180,HD현대중공업,45028365525000.0,443600.0,450300.0,474012.3,479000.0,429000.0,40.84,220436.0,bearish,-6.74
034730,SK,42486583958000.0,587600.0,575000.0,574522.59,612000.0,586000.0,52.61,116197.0,bullish,7.52
068270,셀트리온,41615212786400.0,178900.0,181880.0,184290.0,188900.0,178900.0,41.85,332996.0,bearish,-0.28
006400,삼성SDI,41179205830000.0,525400.0,542600.0,482500.0,577000.0,511000.0,45.66,351401.0,bearish,-5.55
086790,하나금융지주,36662228823000.0,135080.0,136315.0,131141.06,140800.0,135300.0,51.41,689040.0,bearish,1.65
066570,LG전자,34775870213000.0,211200.0,205335.0,191513.99,216500.0,213500.0,57.63,551352.0,bullish,7.61
012330,현대모비스,32964154695000.0,370600.0,402200.0,459055.07,453500.0,367000.0,26.6,256962.0,bearish,-3.17
010120,LS ELECTRIC,30750000000000.0,207200.0,203375.0,200296.67,212000.0,205000.0,50.75,397039.0,bullish,-3.07
035420,NAVER,29627983081200.0,197220.0,205665.0,207108.33,218000.0,194800.0,38.64,577990.0,bearish,-1.47
000810,삼성화재,29154799869000.0,653600.0,661000.0,646116.67,702000.0,653000.0,49.37,83780.0,bearish,0.77
316140,우리금융지주,26819030674800.0,36070.0,35190.0,33101.8,36850.0,36400.0,61.11,2423304.0,bullish,0.83
298040,효성중공업,26146032592000.0,2859600.0,2847400.0,2801050.0,2965000.0,2804000.0,47.78,34916.0,bearish,-3.81
096770,SK이노베이션,24664801769200.0,147000.0,140720.0,123733.33,158200.0,145900.0,56.01,981278.0,bullish,6.81
267260,HD현대일렉트릭,24548098935000.0,702000.0,725450.0,760397.8,781000.0,681000.0,39.07,98672.0,bearish,-6.07
005490,POSCO홀딩스,24089424208000.0,313300.0,328150.0,319258.89,342000.0,304000.0,37.0,222310.0,bearish,-5.88
042660,한화오션,24084092768400.0,80320.0,84075.0,86505.0,88100.0,78600.0,37.48,622438.0,bearish,-5.19
042700,한미반도체,24018674400000.0,241300.0,232525.0,219778.33,253000.0,252000.0,61.04,534068.0,bullish,6.78
009540,HD한국조선해양,22895103026000.0,333300.0,344125.0,354226.99,365500.0,323500.0,38.79,143024.0,bearish,-4.15
000150,두산,22363686135000.0,1444200.0,1317800.0,1247460.89,1512000.0,1381000.0,54.46,84440.0,bullish,-4.56
010130,고려아연,22208839016000.0,1103000.0,1172700.0,1134558.61,1277000.0,1064000.0,33.35,15581.0,bearish,-5.34
138040,메리츠금융지주,22206983127100.0,130100.0,129120.0,121638.33,136900.0,132700.0,58.52,215556.0,golden_cross,4.57
011200,HMM,19807997370000.0,21070.0,21015.0,20866.17,21450.0,21000.0,49.37,792163.0,bullish,0.96
015760,한국전력,19323118717700.0,30550.0,31760.0,33629.17,34100.0,30100.0,38.03,1346504.0,bearish,-2.11
017670,SK텔레콤,18514902568600.0,87160.0,89965.0,89859.86,94600.0,86200.0,40.55,758719.0,bearish,-3.36
033780,KT&G,18395212803200.0,175600.0,173185.0,175045.04,178100.0,177200.0,56.43,206192.0,bullish,3.02
010950,S-Oil,17765564577600.0,156760.0,153630.0,141403.0,165900.0,157800.0,57.32,381698.0,bullish,5.55
051910,LG화학,17648085750000.0,255500.0,270550.0,265550.0,287000.0,250000.0,40.06,185088.0,bearish,-6.37
010140,삼성중공업,17010400000000.0,20176.0,20906.0,21387.0,22100.0,19330.0,37.8,2547519.0,bearish,-7.07
006800,미래에셋증권,16915105738650.0,32000.0,33182.5,35779.17,35050.0,31150.0,36.04,849302.0,bearish,-1.58
003550,LG,16842789245600.0,113020.0,115551.93,107427.16,123454.66,111400.0,47.37,273514.0,bearish,-0.45
018260,삼성에스디에스,16752293700000.0,221300.0,226350.0,217750.0,245000.0,216500.0,43.99,143992.0,bearish,-1.37
024110,기업은행,16506715488300.0,20400.0,20580.0,20556.67,21150.0,20700.0,53.78,857118.0,golden_cross,3.24
267250,HD현대,15917106627500.0,206800.0,224550.0,215095.72,255000.0,201500.0,38.9,144006.0,bearish,-3.12
003670,포스코퓨처엠,15601166988000.0,180560.0,184705.0,163620.0,200500.0,175400.0,47.82,308654.0,bearish,-4.62
035720,카카오,14929096731100.0,33730.0,34722.5,36042.5,36550.0,33700.0,40.99,1340246.0,bearish,0.45
079550,LIG디펜스앤에어로스페이스,14916000000000.0,698400.0,684500.0,721083.33,744000.0,678000.0,45.42,80314.0,bullish,-8.87
086280,현대글로비스,14812500000000.0,199900.0,203450.0,200000.0,210000.0,197500.0,44.53,153427.0,bearish,-2.95
011070,LG이노텍,13845257595000.0,551800.0,551700.0,601950.0,642000.0,585000.0,54.14,167763.0,bullish,9.96
272210,한화시스템,13583304069100.0,74420.0,72265.0,70463.33,80000.0,71900.0,48.26,351122.0,bullish,-10.12
278470,에이피알,13571331187500.0,365400.0,380450.0,379357.8,464500.0,362500.0,42.78,246287.0,bearish,-1.23
030200,KT,13331947136500.0,52940.0,53320.0,53148.65,54900.0,52900.0,47.75,238673.0,bearish,-0.19
000720,현대건설,13028624505000.0,123920.0,125205.0,113008.33,134900.0,117000.0,45.11,669354.0,bearish,-6.25
005830,DB손해보험,12549866868400.0,188260.0,189810.0,172798.33,203000.0,191600.0,56.51,208127.0,bearish,2.51
047810,한국항공우주,12418328631800.0,128880.0,128695.0,138071.67,133100.0,127400.0,45.12,207324.0,bullish,-1.85
064350,현대로템,12256679503900.0,115960.0,123005.0,141515.0,136200.0,112300.0,29.07,303722.0,bearish,-8.33
003490,대한항공,11562127122600.0,30970.0,29782.5,27610.83,31700.0,31400.0,65.71,2515988.0,bullish,7.17
443060,HD현대마린솔루션,10647946750000.0,239700.0,226550.0,208693.88,247000.0,237500.0,56.58,69880.0,bullish,-3.46
307950,현대오토에버,10146873340000.0,373900.0,383325.0,409458.33,421500.0,370000.0,41.76,41380.0,bullish,0.14
078930,GS,10097740306500.0,111420.0,117610.0,102916.67,127100.0,108700.0,43.17,366943.0,bearish,-4.57
071050,한국금융지주,9974952568000.0,183600.0,188245.0,201543.33,193700.0,179000.0,35.8,157958.0,bearish,-1.81
006260,LS,9843600000000.0,319800.0,312350.0,309491.67,330000.0,315500.0,50.72,89067.0,bullish,-3.07
005940,NH투자증권,9691660256250.0,26140.0,26202.5,27828.33,26900.0,26250.0,47.02,388877.0,bullish,2.74
323410,카카오뱅크,9661688849250.0,20194.0,21168.5,21729.5,22050.0,20250.0,36.92,589240.0,bearish,-0.98
047050,포스코인터내셔널,9570199667200.0,56220.0,55845.0,52804.82,58000.0,54400.0,47.59,513766.0,bearish,-5.06
000500,가온전선,9365057401500.0,314700.0,258375.0,210585.0,327000.0,314500.0,68.21,229990.0,bullish,-3.82
028050,삼성E&A,9241400000000.0,49940.0,49130.0,46904.17,52000.0,47150.0,43.66,1517726.0,bearish,-8.98
003230,삼양식품,9227943375000.0,1236600.0,1319300.0,1255024.39,1531000.0,1225000.0,40.46,43010.0,bearish,-5.77
259960,크래프톤,9123546555600.0,200140.0,210460.0,226853.33,231000.0,198700.0,35.49,68458.0,bearish,-3.07
180640,한진칼,9093021855000.0,139920.0,139460.0,125900.0,148900.0,136200.0,51.27,70176.0,bearish,-1.87
007660,이수페타시스,8662287842000.0,114480.0,110665.0,99006.67,118900.0,118000.0,60.0,484862.0,golden_cross,13.79
0126Z0,삼성에피스홀딩스,8447795135500.0,332000.0,344875.0,372808.33,387000.0,339500.0,44.06,33920.0,bullish,3.82
090430,아모레퍼시픽,8346916709300.0,142980.0,142785.0,133750.0,147200.0,142700.0,54.01,186353.0,bearish,-0.49
277810,레인보우로보틱스,8080040857000.0,429700.0,437200.0,447108.33,460500.0,416500.0,40.99,60018.0,bearish,-4.47
016360,삼성증권,7903050000000.0,89460.0,87525.0,95013.33,91100.0,88500.0,47.97,256251.0,bullish,3.75
161390,한국타이어앤테크놀로지,7407729126200.0,58620.0,61965.0,66251.59,67400.0,59800.0,42.23,245450.0,bearish,-1.32
009830,한화솔루션,7309007420000.0,30020.0,29975.0,30516.67,33850.0,32500.0,58.01,1744670.0,bullish,14.44
021240,코웨이,7182893739000.0,100440.0,99895.0,95763.99,107500.0,101500.0,54.83,201724.0,bearish,0.4
047040,대우건설,7137465672060.0,18116.0,18340.0,16960.33,19970.0,17370.0,46.27,7645703.0,bearish,-8.14
352820,하이브,6841054873200.0,159240.0,170735.0,184888.33,181400.0,158700.0,35.67,156388.0,bearish,-4.34
000880,한화,6783435698400.0,130500.0,134905.0,124033.35,143700.0,127200.0,45.24,120216.0,bearish,-4.0
064400,LG씨엔에스,6714196196400.0,70000.0,72060.0,70391.36,77200.0,69300.0,44.24,467276.0,bearish,-1.84
039490,키움증권,6701334738000.0,261000.0,269300.0,288733.33,282000.0,255500.0,35.9,56192.0,bearish,-2.67
128940,한미약품,6495172437000.0,507600.0,490375.0,432858.33,520000.0,507000.0,57.66,128804.0,bearish,0.8
353200,대덕전자,6434083635000.0,117420.0,106635.0,109621.67,130200.0,130200.0,67.94,813440.0,bullish,26.16
062040,산일전기,6312427100000.0,204500.0,198785.0,182438.33,211500.0,206000.0,56.61,255036.0,bullish,-2.6
032640,LG유플러스,6281530433600.0,14654.0,14787.0,14655.12,15220.0,14800.0,51.35,746762.0,bearish,5.34
039030,이오테크닉스,6104337025000.0,480600.0,449775.0,385191.67,495500.0,495500.0,63.95,96174.0,bullish,9.26
000990,DB하이텍,6081941402400.0,132300.0,112920.0,103511.67,139800.0,139800.0,70.45,714274.0,bullish,10.86
005387,현대차2우B,6073774433100.0,176740.0,180040.0,191638.68,190800.0,177300.0,42.43,102858.0,bullish,3.62
267270,HD건설기계,5927673772800.0,131540.0,135785.0,131790.0,143000.0,124800.0,40.21,206057.0,bearish,-10.73
326030,SK바이오팜,5865662425000.0,76300.0,81210.0,82295.0,89000.0,74900.0,31.87,105980.0,bearish,-3.6
001440,대한전선,5781781582000.0,30330.0,29157.5,28399.17,31600.0,29500.0,50.9,1206818.0,bullish,-6.2
175330,JB금융지주,5763524361600.0,30810.0,31080.0,28398.3,32950.0,30900.0,53.9,431946.0,bearish,0.16
377300,카카오페이,5425554942200.0,40550.0,44012.5,42795.83,48450.0,40100.0,39.25,214490.0,bearish,-0.37
000100,유한양행,5373952013000.0,74500.0,78510.0,76535.0,83700.0,73000.0,33.45,182206.0,bearish,-3.82
028300,HLB,5347908653450.0,34680.0,32925.0,35846.67,40150.0,40150.0,64.1,621862.0,bullish,35.41
241560,두산밥캣,5291254788000.0,57480.0,60635.0,61726.34,63700.0,55200.0,32.77,137453.0,bearish,-6.44
088350,한화생명,5063529900000.0,5744.0,5857.5,5099.08,6110.0,5830.0,54.79,3248872.0,bearish,-0.51
138930,BNK금융지주,5044445506440.0,16066.0,15760.0,16033.31,16540.0,16440.0,61.46,897541.0,bullish,5.38
029780,삼성카드,4924002867500.0,42880.0,44947.5,46760.83,46950.0,42500.0,31.71,86534.0,bearish,-2.86
088980,맥쿼리인프라,4712592411120.0,9818.0,9842.0,9908.67,9960.0,9840.0,50.21,689863.0,bullish,0.51
052690,한전기술,4628442000000.0,129080.0,129345.0,108720.0,152000.0,121100.0,47.55,601464.0,bearish,-9.49
011790,SKC,4563043416000.0,89880.0,88160.0,85985.0,92100.0,92000.0,58.43,106363.0,bullish,4.9
036570,NC,4545788642000.0,213700.0,213000.0,227633.33,224500.0,211000.0,45.68,71114.0,bullish,0.96
095340,ISC,4440783651000.0,206520.0,187585.0,160590.0,212500.0,209500.0,64.98,133720.0,bullish,12.45
454910,두산로보틱스,4440168630000.0,69860.0,69515.0,70255.0,72400.0,68500.0,45.05,238181.0,bullish,-1.01
066970,엘앤에프,4434794056000.0,109660.0,117675.0,102896.67,146700.0,109000.0,46.41,580390.0,bearish,-1.8
271560,오리온,4407459862000.0,111040.0,118460.0,126953.31,130000.0,111500.0,32.3,97178.0,bearish,0.0
319660,피에스케이,4310247043200.0,140480.0,129225.0,140356.67,148800.0,148800.0,61.18,246234.0,bullish,17.26
001450,현대해상,4262412500000.0,48680.0,50185.0,44205.0,53500.0,50000.0,55.08,439448.0,bearish,2.46
051900,LG생활건강,4193146440000.0,291900.0,295800.0,284022.83,313000.0,280000.0,38.3,60624.0,bearish,-5.25
440110,파두,4189281857200.0,76780.0,68660.0,66978.33,83600.0,83600.0,64.16,410590.0,bullish,37.05
108490,로보티즈,4180102980000.0,294700.0,295100.0,248076.67,324500.0,285000.0,49.61,261843.0,bearish,-7.01
034220,LG디스플레이,4170000000000.0,8454.0,8792.5,9563.0,9440.0,8340.0,30.07,3284825.0,bearish,-0.71
002380,KCC,4051550464000.0,472000.0,479750.0,450337.46,503000.0,471500.0,50.34,25188.0,bearish,0.75
005385,현대차우,4047077356400.0,176560.0,180565.0,191372.54,190800.0,177200.0,41.88,55536.0,bullish,3.02
010060,OCI홀딩스,4042105228000.0,206000.0,219475.0,226738.33,277500.0,216500.0,47.23,239824.0,golden_cross,6.13
004020,현대제철,4003373550000.0,32780.0,32867.5,29332.5,36000.0,30000.0,42.28,706846.0,bearish,-16.67
001040,CJ,3991413326400.0,132040.0,130960.0,133853.33,136800.0,136800.0,58.08,106196.0,bullish,7.29
031980,피에스케이홀딩스,3898481016000.0,167820.0,153275.0,128516.67,180800.0,180800.0,68.82,152644.0,bullish,13.07
000250,삼천당제약,3896286099200.0,163720.0,161830.0,171491.67,167900.0,166100.0,50.15,70026.0,bullish,4.07
082740,한화엔진,3884464460100.0,48190.0,48110.0,46535.0,53000.0,46550.0,46.15,561535.0,bearish,-9.26
103590,일진전기,3857748051000.0,78840.0,72405.0,66843.33,82100.0,80900.0,63.23,217042.0,bullish,5.61
084370,유진테크,3829270618200.0,155120.0,140770.0,134566.67,167100.0,167100.0,65.45,120320.0,bullish,21.09
008930,한미사이언스,3570038910000.0,51640.0,51300.0,42738.33,57700.0,52200.0,57.09,232074.0,bearish,7.63
161890,한국콜마,3540761550000.0,147400.0,147150.0,126121.67,160100.0,150000.0,61.19,272686.0,bearish,3.31
131290,티에스이,3285244413000.0,285900.0,257450.0,241236.67,306500.0,297000.0,62.15,109058.0,bullish,22.22
018880,한온시스템,3284004294400.0,3276.0,3418.75,3508.08,3555.0,3200.0,38.43,2599464.0,bearish,-7.11
036460,한국가스공사,3277111500000.0,35590.0,36225.0,35088.33,37700.0,35500.0,45.66,134198.0,bearish,0.71
004170,신세계,3211361540000.0,349100.0,376250.0,455217.16,436000.0,340000.0,31.74,81890.0,bearish,-6.21
012750,에스원,3172931363000.0,83420.0,82100.0,77231.67,85600.0,83500.0,58.39,50290.0,bearish,0.48
111770,영원무역,3150545374800.0,71060.0,72755.0,79769.06,75600.0,71100.0,39.64,54618.0,bullish,-0.42
192820,코스맥스,3149488747500.0,273100.0,275550.0,231073.33,300000.0,277500.0,58.97,105716.0,bearish,1.65
067310,하나마이크론,3091825408500.0,45820.0,38027.5,36132.5,46500.0,46500.0,72.2,1277503.0,bullish,20.31
035250,강원랜드,3087161415000.0,14380.0,14607.0,14547.83,14850.0,14430.0,45.84,209776.0,bearish,1.05
087010,펩트론,3075558465000.0,143620.0,151000.0,155343.33,183200.0,131900.0,38.18,129742.0,bearish,-15.45
028670,팬오션,3047046218400.0,5716.0,5828.0,5576.0,6080.0,5700.0,47.49,2919165.0,bearish,-0.87
375500,DL이앤씨,3041318767800.0,82360.0,80595.0,70713.33,89400.0,78600.0,49.12,403581.0,bearish,-9.55
022100,포스코DX,3019409717940.0,20140.0,21212.5,20347.69,22150.0,19860.0,39.2,237486.0,bearish,-4.98
031210,서울보증보험,3016293033600.0,42090.0,42967.5,42654.66,44850.0,43200.0,53.39,38268.0,bearish,4.98
139130,iM금융지주,2986733874880.0,18344.0,18462.0,17847.5,19050.0,18860.0,58.8,345574.0,bearish,3.51
011780,금호석유화학,2923281165000.0,117620.0,123650.0,121210.0,133100.0,116200.0,40.08,73400.0,bearish,-2.52
006360,GS건설,2909770660000.0,35640.0,35712.5,32464.17,38500.0,34000.0,46.04,1610388.0,bearish,-7.73
023530,롯데쇼핑,2885453010000.0,105740.0,110675.0,119466.67,119400.0,102000.0,40.27,153500.0,bearish,-10.05
017800,현대엘리베이터,2881108774500.0,73880.0,74180.0,71268.85,75700.0,73700.0,51.04,72004.0,bearish,0.55
251270,넷마블,2873123583750.0,34730.0,35535.0,37040.0,38800.0,34550.0,41.43,125256.0,bullish,-0.29
007340,DN오토모티브,2872883471500.0,49300.0,46905.0,44089.08,50700.0,49100.0,54.95,116238.0,bullish,-0.41
336260,두산퓨얼셀,2868625198800.0,46640.0,47405.0,41661.67,53900.0,43800.0,45.83,880686.0,bearish,-13.95
302440,SK바이오사이언스,2816590252700.0,35900.0,36920.0,36298.33,38400.0,35900.0,45.16,63522.0,bearish,2.13
097950,CJ제일제당,2699215549800.0,176600.0,180075.0,186075.8,186500.0,179300.0,46.64,48720.0,golden_cross,2.69
383220,F&F,2673833835000.0,68820.0,67290.0,70306.67,69800.0,69800.0,57.39,54016.0,bullish,0.72
003690,코리안리,2673789199030.0,14870.0,14831.5,14305.67,15470.0,15130.0,56.71,192678.0,bearish,1.95
014680,한솔케미칼,2666126892000.0,232200.0,210170.0,220211.67,247000.0,247000.0,73.32,41986.0,bullish,14.88
004800,효성,2658376631600.0,161920.0,162045.0,157001.67,172500.0,158800.0,47.75,19940.0,bearish,-0.69
080220,제주반도체,2652098141000.0,76000.0,74065.0,76038.33,78800.0,77000.0,52.82,873804.0,bullish,4.9
026960,동서,2587215000000.0,25600.0,25595.0,25572.01,26050.0,25950.0,55.31,44472.0,golden_cross,1.76
010170,대한광통신,2581061956000.0,17422.0,15200.5,12680.83,18320.0,16600.0,59.19,8526495.0,bullish,-9.39
085620,미래에셋생명,2575179000000.0,19402.0,19923.0,19272.17,22450.0,19050.0,44.03,133033.0,bearish,-1.3
011170,롯데케미칼,2557970056200.0,61680.0,61950.38,59379.67,67800.0,59800.0,46.84,164795.0,bearish,-5.08
257720,실리콘투,2501734013800.0,39290.0,44487.5,41339.17,54200.0,38150.0,33.18,780611.0,bearish,-8.18
004370,농심,2496924541000.0,396900.0,412600.0,395558.33,443500.0,410500.0,51.55,22587.0,bearish,4.85
489790,한화비전,2476455529500.0,47550.0,47697.5,47299.17,50100.0,49050.0,52.88,142871.0,golden_cross,2.29
310210,보로노이,2464832941200.0,143740.0,148360.0,151295.0,169500.0,132400.0,39.62,72604.0,bearish,0.3
450080,에코프로머티,2432456434500.0,34950.0,35845.0,35999.17,38700.0,34350.0,43.8,225522.0,bearish,-1.58
004990,롯데지주,2396913812800.0,24380.0,24632.5,23693.33,25350.0,24050.0,46.1,101914.0,bearish,-2.24
005290,동진쎄미켐,2375207871600.0,44800.0,41920.0,42391.67,46800.0,46600.0,62.52,242662.0,bullish,13.11
000240,한국앤컴퍼니,2373381000000.0,24790.0,24565.0,24682.82,25200.0,25000.0,54.53,58926.0,bullish,2.04
483650,달바글로벌,2366381468500.0,183420.0,183375.0,213301.67,220000.0,188900.0,47.83,146712.0,bullish,4.77
178320,서진시스템,2354582918550.0,33800.0,35002.5,37475.0,39000.0,36950.0,53.24,882462.0,golden_cross,9.16
005440,현대지에프홀딩스,2329144427300.0,12926.94,12666.05,12524.94,13809.46,12700.0,51.18,297334.0,bearish,0.99
001720,신영증권,2321328000000.0,140260.0,145790.0,149735.0,156400.0,141200.0,40.3,6060.0,bearish,0.14
005850,에스엘,2308491444000.0,49410.0,50777.5,53626.67,53200.0,49700.0,42.54,57946.0,golden_cross,-0.6
145020,휴젤,2294031210900.0,190560.0,225390.0,240196.67,252000.0,183300.0,20.65,34315.0,bearish,-14.35
282330,BGF리테일,2291845935600.0,134300.0,143330.0,135778.33,150900.0,132600.0,37.74,42254.0,bearish,-4.19
319400,현대무벡스,2272071195600.0,20980.0,21680.0,22347.83,23500.0,20400.0,39.61,670636.0,bearish,-9.33
140410,메지온,2259879541200.0,78580.0,72135.0,63380.0,82200.0,73800.0,53.87,93450.0,bullish,-1.73
009420,한올바이오파마,2259407593500.0,45200.0,50637.5,53219.17,59700.0,43250.0,29.57,220325.0,bearish,-9.23
214370,케어젠,2239915500000.0,40250.0,43035.0,54188.33,51600.0,41700.0,37.26,58902.0,bullish,4.51
018670,SK가스,2238522426000.0,241200.0,240350.0,231080.71,252000.0,241500.0,53.02,7458.0,bearish,0.42
020150,롯데에너지머티리얼즈,2228150450650.0,41350.0,39580.0,34553.33,42550.0,42550.0,60.22,279161.0,bullish,0.59
279570,케이뱅크,2211038572950.0,5404.0,5575.5,5655.17,5810.0,5450.0,43.26,493988.0,bearish,1.11
103140,풍산,2183091256200.0,77900.0,78315.0,74015.0,81900.0,77900.0,49.6,99737.0,bearish,-1.77
009970,영원무역홀딩스,2158105912200.0,166060.0,168555.0,181450.0,171600.0,166600.0,42.54,8080.0,bullish,0.24
058610,에스피지,2157857128000.0,98720.0,95009.18,90370.61,102696.59,97300.0,51.15,231578.0,bullish,-2.01
204320,HL만도,2155331808000.0,46190.0,48355.0,48560.0,51800.0,45900.0,39.46,269607.0,bearish,-4.77
112610,씨에스윈드,2125438711200.0,50840.0,50097.5,45065.83,53000.0,50400.0,53.36,277838.0,bearish,-1.95
032820,우리기술,2106244420280.0,12936.0,12583.0,11417.0,14600.0,12190.0,47.04,4524688.0,bearish,-12.11
098460,고영,2097279549750.0,29290.0,28172.5,28150.0,30750.0,30750.0,60.92,727784.0,bullish,11.21
030000,제일기획,2056937103000.0,17686.0,18405.5,18745.67,19190.0,17880.0,39.16,237680.0,bearish,3.35
457190,이수스페셜티케미컬,2054883296000.0,64940.0,65265.0,62314.17,70000.0,68000.0,57.65,116062.0,golden_cross,4.45
030530,원익홀딩스,2054530294600.0,27110.0,23343.5,20015.5,28300.0,26600.0,63.6,2037762.0,bullish,2.11
002790,아모레퍼시픽홀딩스,2052902133000.0,26530.0,26382.5,25664.17,27250.0,26850.0,55.8,78460.0,golden_cross,3.47
263750,펄어비스,2051853661500.0,33740.0,33860.0,33923.33,36200.0,32650.0,43.92,227430.0,bearish,-6.31
081660,미스토홀딩스,2044035840000.0,38150.0,39732.5,42985.83,41850.0,38500.0,38.73,92596.0,bearish,1.45
051600,한전KPS,2031750000000.0,46060.0,46742.5,45687.5,49300.0,45150.0,43.99,105423.0,bearish,-3.01
139480,이마트,1986898968000.0,72260.0,73640.0,77270.0,75900.0,72000.0,40.59,88886.0,bearish,-2.7
073240,금호타이어,1964860363080.0,6744.0,7097.5,6890.08,7680.0,6840.0,45.86,1470362.0,bearish,-2.43
069960,현대백화점,1930059624000.0,94756.32,96537.49,116073.35,100247.37,89500.0,33.4,129346.0,bullish,-8.36
347850,디앤디파마텍,1929540128550.0,43410.0,47202.5,58231.67,53500.0,41950.0,30.97,508679.0,bullish,-7.4
007070,GS리테일,1918790174250.0,23060.0,24610.0,25511.67,26350.0,22950.0,33.48,139002.0,bearish,-1.71
229640,LS에코에너지,1901804985900.0,61640.0,52217.5,47490.83,64000.0,62100.0,66.18,107171.0,bullish,2.64
089030,테크윙,1893441259500.0,49040.0,47297.5,46476.67,51100.0,51100.0,59.22,416848.0,bullish,12.68
000155,두산우,1874340678000.0,479400.0,444000.0,432767.88,492000.0,469000.0,56.34,7638.0,bullish,-0.42
462870,시프트업,1832746968000.0,31190.0,31635.0,32175.83,33050.0,31200.0,45.35,30847.0,bearish,1.3
089860,롯데렌탈,1806392053000.0,49590.0,49457.5,42893.33,51400.0,49750.0,63.4,77295.0,bearish,1.74
083650,비에이치아이,1797868187500.0,60860.0,63230.0,54721.67,68400.0,58100.0,44.21,365936.0,bearish,-9.64
043260,성호전자,1784436205200.0,25720.0,19875.0,18841.0,26950.0,23650.0,59.27,2006276.0,bullish,-11.75
007810,코리아써키트,1777112142000.0,65220.0,56017.5,59560.0,74100.0,74100.0,71.98,198378.0,bullish,41.14
181710,NHN,1774860178500.0,56160.0,60665.0,52120.83,74300.0,54900.0,43.87,163683.0,bearish,-3.17
281820,케이씨텍,1744262034100.0,83480.0,72095.0,76005.0,88100.0,88100.0,67.7,155107.0,bullish,21.18
036540,SFA반도체,1735056196650.0,10572.0,7850.0,6201.17,10620.0,10550.0,82.47,4063780.0,bullish,16.96
183300,코미코,1725806040000.0,31720.0,28245.0,26382.0,33600.0,33600.0,67.02,422568.0,bullish,8.91
020560,아시아나항공,1715902622630.0,8226.0,7940.5,7407.83,8370.0,8330.0,66.08,138910.0,bullish,7.76
439260,대한조선,1713992850000.0,45710.0,46595.0,48126.67,48150.0,45000.0,38.8,32264.0,bearish,-3.95
068760,셀트리온제약,1713930015200.0,39060.0,39867.5,40879.17,41700.0,38600.0,38.08,53798.0,bearish,-1.28
475150,SK이터닉스,1699943499600.0,50520.0,51037.5,52350.83,55000.0,49900.0,45.57,838370.0,bearish,-1.96
060370,LS마린솔루션,1682091098800.0,32990.0,32117.5,30279.17,34000.0,32200.0,50.51,90609.0,bearish,-5.29
023590,다우기술,1651410952800.0,39170.0,39175.0,38096.67,41150.0,38150.0,44.55,33158.0,bearish,-2.68
323280,태성,1649050920000.0,48030.0,46645.0,42498.33,54000.0,54000.0,66.18,199508.0,golden_cross,18.81
120110,코오롱인더,1638047950400.0,55480.0,56050.0,54121.49,59500.0,54700.0,48.44,178012.0,bearish,-3.7
001820,삼화콘덴서,1637212500000.0,148560.0,129995.0,104240.0,157500.0,157500.0,74.4,698446.0,bullish,8.92
420770,기가비스,1635172782000.0,121480.0,106390.0,120096.67,129000.0,129000.0,64.55,129003.0,bullish,14.06
001430,세아베스틸지주,1624553990700.0,44720.0,42692.5,38742.5,45600.0,45300.0,58.62,121293.0,bullish,0.55
000120,CJ대한통운,1610551486400.0,70640.0,72035.0,73705.0,73700.0,70600.0,42.01,31806.0,bearish,0.14
089970,브이엠,1605932665000.0,58920.0,53797.5,68630.83,62400.0,61000.0,55.6,572914.0,bullish,10.71
071970,HD현대마린엔진,1601094564000.0,49300.0,50632.5,54700.83,52800.0,47200.0,38.66,169972.0,bearish,-10.1
008770,호텔신라,1577774464200.0,40270.0,41490.0,44175.83,44800.0,40200.0,38.99,127382.0,bullish,-1.47
395400,SK리츠,1574322152600.0,5306.0,5295.5,5532.5,5460.0,5230.0,43.75,233846.0,bullish,3.36
006040,동원산업,1571413156400.0,35550.0,36947.5,35771.58,38450.0,35600.0,42.72,32192.0,bearish,0.14
007390,네이처셀,1568993613600.0,24860.0,24827.5,23963.33,26000.0,24350.0,48.17,186888.0,bearish,-0.81
001120,LX인터내셔널,1565904000000.0,40920.0,40507.5,38467.5,41800.0,40400.0,52.39,84616.0,bearish,-2.77
009155,삼성전기우,1540701520000.0,519000.0,505450.0,492883.33,530000.0,530000.0,58.64,21717.0,bullish,3.92
437730,삼현,1537816999500.0,52020.0,41905.0,36948.33,55700.0,48500.0,58.73,393228.0,bullish,-3.19
218410,RFHIC,1536060547600.0,58480.0,51870.0,49543.33,60100.0,57800.0,61.59,439882.0,bullish,-3.83
294870,IPARK현대산업개발,1525754689500.0,23560.0,23615.0,21503.67,24850.0,23150.0,49.54,128202.0,bearish,-1.91
093370,후성,1514445259600.0,13914.0,13568.0,12060.0,14810.0,14120.0,58.1,2833256.0,bearish,-3.81
012630,HDC,1511465541300.0,25680.0,25185.0,22576.5,28450.0,25300.0,53.57,72083.0,bearish,-4.71
001800,오리온홀딩스,1458798811000.0,24010.0,24875.0,25488.72,25800.0,24250.0,40.11,54782.0,bearish,0.62
011210,현대위아,1444058907300.0,53320.0,56050.0,58911.67,60000.0,53100.0,35.87,50455.0,bearish,-2.21
006280,녹십자,1439781481600.0,123740.0,125830.0,124173.33,130100.0,123200.0,45.25,16470.0,bearish,0.65
005070,코스모신소재,1429887281550.0,41940.0,40517.5,38323.33,44350.0,43050.0,57.68,92331.0,bullish,3.11
078600,대주전자재료,1410231592400.0,88920.0,86925.0,83825.0,92800.0,89800.0,53.65,97676.0,bullish,2.05
0009K0,에임드바이오,1400459711500.0,21620.0,22752.5,23351.5,24500.0,21500.0,40.39,85685.0,bearish,-1.15
361610,SK아이이테크놀로지,1376476893000.0,16926.0,16475.5,15369.5,18250.0,16830.0,52.66,523888.0,bullish,7.06
039200,오스코텍,1363903974400.0,35750.0,35680.0,34259.17,37450.0,35650.0,49.98,87359.0,bearish,-2.46
322000,HD현대에너지솔루션,1358560000000.0,120380.0,129190.0,126545.0,143100.0,121300.0,45.43,216948.0,bearish,-4.49
204270,제이앤티씨,1333407141300.0,24010.0,21718.0,18033.83,25200.0,23050.0,58.53,924959.0,bullish,-2.12
097230,HJ중공업,1313797255200.0,14882.0,15603.5,16276.5,16820.0,14550.0,34.5,223321.0,bearish,-5.95
00680K,미래에셋증권2우B,1301983864500.0,10636.0,10805.5,11522.83,11290.0,10230.0,37.29,175184.0,bearish,-2.11
950160,코오롱티슈진,1279650609600.0,15564.0,16606.0,31257.0,17940.0,15060.0,31.7,676910.0,bullish,-5.7
290650,엘앤씨바이오,1275666999200.0,46610.0,48155.07,56889.23,52500.0,47300.0,43.96,127576.0,bullish,2.6
007310,오뚜기,1264470365000.0,314900.0,326525.0,323766.67,336500.0,315500.0,41.75,2932.0,bearish,0.8
066575,LG전자우,1259389216700.0,71880.0,72290.0,68272.02,78300.0,73300.0,55.78,63506.0,bearish,7.48
950260,인제니아테라퓨틱스(Reg.S),1250948557100.0,23800.0,18320.0,,25300.0,25300.0,54.19,2754374.0,,36.98
192080,더블유게임즈,1247117265200.0,58600.0,57795.0,59861.67,58900.0,58900.0,52.4,44486.0,bullish,1.55
001740,SK네트웍스,1243682111800.0,6130.0,6318.0,7199.14,6640.0,6200.0,38.86,704967.0,bullish,-0.96
069620,대웅제약,1243239497500.0,107780.0,113485.0,121208.33,127000.0,107300.0,36.57,15334.0,bearish,-1.74
298020,효성티앤씨,1242044734000.0,308700.0,331550.0,316583.33,355500.0,287000.0,29.81,10663.0,bearish,-11.69
415640,KB발해인프라,1241386401240.0,10228.0,10445.5,,10620.0,10130.0,38.17,167076.0,bearish,-3.06
003540,대신증권,1225019438200.0,26150.0,26617.5,26451.67,27500.0,25700.0,41.12,56830.0,bearish,-0.77
000815,삼성화재우,1211829060000.0,407300.0,418275.0,406183.33,441500.0,403000.0,43.78,7130.0,bearish,-0.12
252990,샘씨엔에스,1201346885550.0,18378.0,15515.0,13957.33,19950.0,19950.0,73.73,680194.0,bullish,15.18
330590,롯데리츠,1200665713020.0,4101.0,3967.5,3781.08,4155.0,4155.0,72.34,129962.0,bullish,3.88
300720,한일시멘트,1194374194160.0,16254.0,16516.0,15234.5,17070.0,16240.0,52.04,52188.0,bearish,-0.67
166090,하나머티리얼즈,1182704905200.0,57940.0,53517.5,54106.67,59800.0,59800.0,61.19,120499.0,bullish,7.36
232140,와이씨,1167505330500.0,14190.0,12310.0,10847.17,14310.0,14230.0,67.29,1604466.0,bullish,19.48
280360,롯데웰푸드,1152412664800.0,125420.0,136460.0,120598.33,148600.0,125200.0,42.64,19105.0,bearish,-1.11
030610,교보증권,1135071091560.0,9990.0,10150.0,9940.33,10400.0,9960.0,44.87,32478.0,bearish,-0.4
004000,롯데정밀화학,1118430000000.0,43800.0,45435.0,45658.33,47800.0,43350.0,38.63,51538.0,bearish,-2.58
006120,SK디스커버리,1112738688900.0,60540.0,56785.0,53055.05,64300.0,63900.0,72.29,22772.0,bullish,15.14
127120,제이에스링크,1104593193000.0,32160.0,31877.5,34352.5,34350.0,29700.0,40.3,149394.0,bullish,-8.62
347700,스피어,1095466442500.0,22520.0,20992.5,20958.33,24150.0,21250.0,47.88,730140.0,bullish,-12.01
356860,티엘비,1078407330000.0,43280.0,39432.5,34666.84,45500.0,45500.0,68.85,544484.0,bullish,21.5
195870,해성디에스,1071000000000.0,60040.0,53895.0,53838.33,63000.0,63000.0,64.25,118767.0,bullish,9.57
000080,하이트진로,1059718862210.0,15086.0,15269.5,15248.33,15600.0,15110.0,46.11,73979.0,bearish,1.75
000210,DL,1054080965200.0,51320.0,53080.0,49390.83,56000.0,50300.0,44.47,56550.0,bearish,-7.71
003160,디아이,1038610000000.0,35960.0,31450.0,25482.67,36750.0,36700.0,72.62,440730.0,bullish,16.88
003570,SNT다이내믹스,1030833607000.0,28290.0,28392.5,31095.83,31000.0,31000.0,57.26,42830.0,bullish,10.12
017960,한국카본,1026295011960.0,20322.0,21715.5,22795.0,24150.0,19860.0,31.58,149359.0,bearish,-5.43
006340,대원전선,1019387408000.0,13378.0,13183.5,13118.67,13890.0,13000.0,47.09,1473051.0,bullish,-6.41
003240,태광산업,1006513600000.0,902200.0,913700.0,889500.0,953000.0,904000.0,49.29,892.0,bearish,0.89
458870,씨어스,981641267200.0,25780.0,23417.5,25828.33,27850.0,25600.0,55.89,135584.0,bullish,3.02
003530,한화투자증권,976192376250.0,4614.0,4747.25,4591.0,5100.0,4550.0,44.26,1095038.0,bearish,1.22
192400,쿠쿠홀딩스,976181978250.0,27210.0,27445.0,26741.67,28000.0,27450.0,52.84,10438.0,bearish,1.67
083450,GST,974947000000.0,49780.0,45827.5,45385.0,52900.0,52900.0,67.91,97802.0,bullish,14.25
451800,한화리츠,959064000000.0,5374.0,5304.5,5138.5,5460.0,5340.0,51.73,64384.0,bearish,2.1
030190,NICE평가정보,953276602760.0,15802.0,15952.0,15065.33,16360.0,16360.0,61.47,67394.0,bearish,7.63
009240,한샘,944887209200.0,39920.0,38975.0,38104.17,40750.0,40150.0,57.86,24294.0,bullish,2.95
032350,롯데관광개발,924815312800.0,11658.0,12167.5,12697.83,13390.0,11600.0,37.72,188608.0,bearish,-1.02
445680,큐리옥스바이오시스템즈,923243866400.0,49790.0,48940.0,44636.67,53600.0,53600.0,60.97,59928.0,golden_cross,16.9
100790,미래에셋벤처투자,920579616740.0,17280.0,16203.0,15406.0,17810.0,17330.0,55.53,368569.0,bullish,-1.87
000370,한화손해보험,919902650200.0,7848.0,8243.0,6904.5,8950.0,7880.0,51.08,690727.0,bearish,-2.35
071320,지역난방공사,918194399200.0,78500.0,75980.0,70956.67,79300.0,79300.0,68.92,9314.0,bullish,5.87
119850,지엔씨에너지,912914449500.0,54820.0,49150.0,43822.5,56100.0,55500.0,61.71,506906.0,bullish,2.4
003090,대웅,909340567200.0,15896.0,16501.0,16919.83,18040.0,15640.0,37.23,58471.0,bearish,-0.45
161580,필옵틱스,902526509500.0,33960.0,31360.0,28811.67,38500.0,38500.0,72.99,197264.0,bullish,22.03
285130,SK케미칼,890886449000.0,50940.0,53055.0,46262.22,55200.0,51500.0,51.53,53119.0,bearish,1.58
009450,경동나비엔,890140971200.0,60740.0,60515.0,63490.0,62600.0,61100.0,47.72,28250.0,bullish,-0.33
185750,종근당,888899032000.0,64780.0,66615.0,67665.0,69300.0,64400.0,38.25,15891.0,bearish,0.94
417200,LS머트리얼즈,883543726540.0,13324.0,12048.0,11854.83,13750.0,13060.0,59.09,577721.0,bullish,-3.26
005300,롯데칠성,883349756800.0,95400.0,96860.0,98800.0,99800.0,95200.0,41.66,12400.0,bearish,1.28
160190,하이젠알앤엠,878763600000.0,29210.0,23350.0,19306.33,29850.0,28450.0,64.98,269198.0,bullish,3.83
006110,삼아알미늄,878672735500.0,56300.0,62535.0,49235.0,71500.0,58100.0,49.62,146998.0,bearish,-2.68
328130,루닛,878606524000.0,10646.0,9161.0,9726.33,11800.0,11800.0,68.61,318911.0,bullish,33.48
327260,RF머트리얼즈,877855343200.0,47870.0,41997.5,33052.42,49150.0,48800.0,67.17,834000.0,bullish,0.41
034230,파라다이스,877200247540.0,9550.0,9842.5,10288.67,10210.0,9470.0,39.2,288562.0,bearish,-1.35
051915,LG화학우,867296640000.0,114860.0,122305.0,121933.33,131100.0,112800.0,39.21,17639.0,bearish,-7.92
099320,쎄트렉아이,864055834200.0,77880.0,73545.0,75216.67,80000.0,78900.0,57.11,38966.0,bullish,0.38
388210,씨엠티엑스,857314094400.0,85880.0,75775.0,77436.67,88800.0,88800.0,64.53,39051.0,bullish,19.68
077970,STX엔진,857161145050.0,22220.0,23475.0,24749.17,25000.0,21350.0,36.13,125456.0,bearish,-9.15
053800,안랩,853403010200.0,73100.0,63315.0,58341.67,76700.0,76700.0,86.78,85848.0,bullish,12.46
079160,CJ CGV,851095576580.0,5214.0,5345.0,5081.33,5620.0,5140.0,44.3,359488.0,bearish,-1.53
065350,신성델타테크,842383006200.0,31010.0,30715.0,29796.67,31500.0,30650.0,49.29,81303.0,bullish,-2.54
003470,유안타증권,841048645230.0,4432.0,4635.25,4550.58,4815.0,4365.0,36.57,214360.0,bearish,-1.8
031330,에스에이엠티,839958562800.0,8316.0,8080.5,9182.5,8400.0,8400.0,50.12,350023.0,bullish,0.6
071055,한국금융지주우,837144067900.0,144640.0,147965.0,149556.67,152400.0,142900.0,39.62,8348.0,bearish,-4.41
004490,세방전지,827442000000.0,59340.0,62390.0,56968.33,68200.0,59700.0,47.99,68682.0,bearish,0.17
115180,큐리언트,806984246500.0,22270.0,22045.0,21214.67,25750.0,21500.0,46.55,110130.0,bearish,0.47
032500,케이엠더블유,793203978800.0,19182.0,16636.5,15975.0,19560.0,18800.0,62.79,201447.0,bullish,-3.29
388720,유일로보틱스,790528249500.0,68300.0,67195.0,66890.0,71300.0,67100.0,47.91,19126.0,bullish,-3.03
074600,원익QnC,783382400000.0,29050.0,27040.0,27590.83,29800.0,29800.0,61.84,173123.0,bullish,7.19
425420,티에프이,781576557300.0,62760.0,55287.5,42670.83,64400.0,63300.0,70.88,105700.0,bullish,12.63
499790,GS피앤엘,780343593350.0,37950.0,40222.5,40295.83,45300.0,39350.0,47.95,39048.0,bearish,2.21
000670,영풍,775089754300.0,43200.0,42662.5,38877.5,50500.0,42100.0,49.57,49412.0,bearish,-11.28
365550,ESR켄달스퀘어리츠,769028125000.0,3163.0,3135.25,3197.08,3250.0,3125.0,48.2,229356.0,bullish,2.97
005180,빙그레,767468326800.0,85720.0,87675.0,77111.67,92800.0,86800.0,53.79,54786.0,bearish,2.36
491000,리브스메드,765234711300.0,29860.0,31730.0,36270.83,36050.0,30300.0,42.03,148586.0,bullish,1.51
085660,차바이오텍,760517880280.0,8038.0,8033.0,8758.33,8360.0,8180.0,48.53,202746.0,bullish,2.25
036530,SNT홀딩스,755685116100.0,46520.0,46515.0,47995.0,48850.0,46350.0,47.87,9250.0,bullish,-0.43
100840,SNT에너지,750712422900.0,37080.0,35997.5,29824.17,38500.0,36300.0,55.64,232755.0,bearish,-1.09
044490,태웅,749276418450.0,38090.0,36400.0,31181.67,39800.0,37450.0,55.91,300389.0,bearish,-0.53
094800,맵스리얼티,742674648000.0,7804.0,7495.0,,8000.0,8000.0,74.79,75272.0,,1.91
090360,로보스타,741000000000.0,77520.0,76880.0,73833.33,79500.0,76000.0,47.49,67648.0,bearish,-3.55
137310,에스디바이오센서,736569522200.0,6108.0,6133.0,6245.83,6210.0,6100.0,47.06,98992.0,bullish,2.18
032190,다우데이타,735743000000.0,19724.0,20017.0,19248.0,20550.0,19210.0,42.03,45180.0,bearish,-5.14
281740,레이크머티리얼즈,732895610200.0,10814.0,11033.0,11766.83,12240.0,11150.0,48.35,274774.0,bullish,4.3
213420,덕산네오룩스,730036662600.0,29130.0,31002.5,31184.17,34250.0,29400.0,42.46,134911.0,bearish,0.51
064290,인텍플러스,729511641400.0,54420.0,45332.5,38332.5,56300.0,56300.0,70.07,380665.0,bullish,20.43
059090,미코,728485760400.0,21746.0,19850.5,17524.83,22600.0,21800.0,62.13,186398.0,bullish,9.11
214320,이노션,726800000000.0,18128.0,18475.5,18774.67,19180.0,18170.0,38.73,50325.0,bearish,0.89
041830,인바디,725271451600.0,54560.0,57745.0,57404.17,61100.0,53800.0,38.02,58668.0,bearish,-6.43
005690,파미셀,724848489120.0,12368.0,11347.5,11202.0,12590.0,12080.0,56.97,518142.0,bullish,-3.59
225570,넥슨게임즈,723803312260.0,10938.0,11336.0,9825.33,11690.0,10990.0,52.63,129810.0,bearish,-2.83
041960,코미팜,723796549700.0,9808.0,9566.5,8526.5,9920.0,9700.0,54.94,224944.0,bearish,-1.42
090710,휴림로봇,723332125450.0,6288.0,6257.0,6637.67,6550.0,6050.0,40.84,1120635.0,bullish,-6.2
295310,에이치브이엠,723243368400.0,59380.0,52217.5,47721.67,63100.0,58200.0,58.49,125997.0,bullish,-3.0
100090,SK오션플랜트,720997608660.0,11544.0,12371.0,13348.67,13860.0,11540.0,38.44,562248.0,bearish,-3.19
298050,HS효성첨단소재,719479648800.0,161460.0,169230.0,163890.0,179800.0,160600.0,41.13,8481.0,bearish,-2.01
189300,인텔리안테크,719412299000.0,68060.0,65080.0,66105.83,69700.0,67000.0,50.8,50300.0,bullish,-1.62
064960,SNT모티브,712606303200.0,26150.0,26275.0,26441.67,27400.0,26850.0,53.82,44237.0,bullish,4.07
003850,보령,709460201890.0,8260.0,8709.0,8590.67,9280.0,8270.0,39.05,92382.0,bearish,0.24
053610,프로텍,706500000000.0,73940.0,64580.0,63254.17,78500.0,78500.0,70.42,23110.0,bullish,21.14
171090,선익시스템,705895532200.0,69900.0,69090.0,63371.67,72900.0,69700.0,52.99,47361.0,bearish,-3.33
122640,예스티,704750628750.0,32010.0,29632.5,27358.5,32550.0,32550.0,61.44,303564.0,bullish,10.53
476060,온코닉테라퓨틱스,696102187200.0,15244.0,15775.0,13803.5,18030.0,15330.0,51.57,281095.0,bearish,3.16
036810,에프에스티,694958226900.0,30810.0,27450.0,23837.17,32100.0,32100.0,69.98,98832.0,bullish,18.45
466100,클로봇,691816066650.0,22840.0,23495.0,25615.29,25350.0,22350.0,38.97,232793.0,bullish,-4.69
090460,비에이치,691086529000.0,20144.0,20036.0,17979.33,22000.0,20500.0,55.79,987852.0,golden_cross,-0.24
005090,SGC에너지,688766117400.0,50200.0,54190.0,50882.5,61200.0,47800.0,37.39,131624.0,bearish,-12.13
033790,피노,684072692270.0,7882.0,8084.5,6599.58,10200.0,8210.0,55.87,2467553.0,bearish,2.63
002960,한국쉘석유,682500000000.0,515600.0,506625.0,504008.33,527000.0,525000.0,66.46,830.0,bullish,3.75
033640,네패스,677940538800.0,27820.0,24370.0,20556.5,29400.0,29400.0,74.21,162394.0,bullish,10.11
293940,신한알파리츠,676055287570.0,5560.0,5440.5,5323.0,5600.0,5590.0,61.79,70798.0,bullish,0.72
102710,이엔에프테크놀로지,672957075600.0,45070.0,42807.5,43163.33,47100.0,47100.0,61.98,55288.0,bullish,14.88
476830,알지노믹스,669122148600.0,25300.0,27075.0,29837.5,30100.0,23850.0,35.49,204975.0,bearish,-11.99
069260,TKG휴켐스,667956127920.0,16258.0,16354.0,15859.83,16610.0,16340.0,53.15,36792.0,bearish,1.93
456040,OCI,666960877500.0,75780.0,77880.0,79803.33,82900.0,74500.0,43.36,27532.0,bearish,-1.72
124500,아이티센글로벌,663649472200.0,29430.0,31520.0,27130.33,35900.0,28600.0,43.42,280410.0,bearish,-3.54
121600,나노신소재,663384533100.0,53000.0,50097.5,46948.33,55800.0,54100.0,59.73,54018.0,bullish,1.31
268280,미원에스씨,663000000000.0,132680.0,133305.0,123646.67,138800.0,132600.0,52.37,1156.0,bearish,-0.9
048410,현대바이오,659133056760.0,6882.0,6631.0,6738.33,7230.0,6830.0,51.24,879112.0,bullish,0.44
005880,대한해운,656790836900.0,2030.2,2061.05,1975.67,2115.0,2035.0,49.15,1017990.0,bearish,0.74
093320,케이아이엔엑스,648552000000.0,136480.0,138435.0,137950.0,145200.0,132900.0,44.15,8639.0,bearish,-5.07
490470,세미파이브,641039289600.0,16534.0,15428.5,16569.83,18840.0,18840.0,68.48,346994.0,bullish,21.16
077360,덕산하이메탈,640207358180.0,13078.0,10992.5,9835.17,14090.0,14090.0,76.35,723160.0,bullish,21.36
000400,롯데손해보험,637741137600.0,2045.0,2070.5,2088.28,2155.0,2055.0,49.47,284576.0,bearish,-0.24
093050,LF,637432000000.0,21680.0,22180.0,22477.5,23250.0,21800.0,44.6,13302.0,bearish,0.93
000640,동아쏘시오홀딩스,636223801500.0,93340.0,92875.0,88767.26,94500.0,94500.0,57.96,10326.0,bearish,0.96
001570,금양,633275240400.0,9900.0,9900.0,9900.0,9900.0,9900.0,31.64,0.0,bullish,0.0
017940,E1,632492000000.0,92800.0,96255.0,90694.34,99400.0,92200.0,42.35,7817.0,bearish,-2.85
092870,엑시콘,626438256000.0,42820.0,33180.0,22828.5,48000.0,48000.0,82.66,309724.0,bullish,35.59
001680,대상,626436292000.0,17966.0,18403.5,17938.67,19210.0,18080.0,48.7,79754.0,bearish,2.15
248070,솔루엠,623523717440.0,12996.0,12882.5,13827.67,13460.0,13040.0,47.76,63498.0,bullish,3.33
383800,LX홀딩스,620162009700.0,8130.0,8108.5,7920.33,8270.0,8130.0,52.58,59978.0,golden_cross,1.75
001060,JW중외제약,617077145000.0,26790.0,27275.0,25920.0,29000.0,26500.0,46.07,40662.0,bearish,-4.68
002840,미원상사,616500000000.0,136920.0,134010.0,128225.0,138600.0,137000.0,57.56,1840.0,bullish,2.78
317450,명인제약,615390000000.0,42170.0,43607.5,43524.55,46100.0,42150.0,38.78,9650.0,bearish,-0.94
453340,현대그린푸드,612738846690.0,18780.64,18547.63,18209.26,19247.6,18870.0,54.21,29882.0,bullish,5.83
014820,동원시스템즈,605917793800.0,21020.0,21532.5,20682.91,23200.0,20900.0,46.04,26706.0,bearish,-1.88
126340,비나텍,605308900200.0,84060.0,70495.0,67545.83,86800.0,84300.0,63.84,107044.0,bullish,4.46
108320,LX세미콘,597713025000.0,36330.0,36155.0,37070.0,38150.0,36750.0,51.17,70482.0,bullish,2.94
004710,한솔테크닉스,595678695910.0,10280.0,8995.5,8261.5,11230.0,11230.0,75.26,793544.0,bullish,12.41
468530,프로티나,595235932800.0,46790.0,34762.5,29537.0,53700.0,53600.0,79.68,82318.0,bullish,52.92
079900,전진건설로봇,593916581500.0,41340.0,40762.5,35784.78,43100.0,40700.0,53.73,69510.0,bearish,-1.57
253590,네오셈,588285489240.0,13328.0,11917.5,10516.33,13680.0,13410.0,66.58,506342.0,bullish,9.56
050890,쏠리드,576579507660.0,9472.0,8940.5,9307.33,9760.0,9490.0,54.84,834402.0,bullish,-2.77
033240,자화전자,575786628300.0,26660.0,27782.5,26855.17,30600.0,26650.0,45.91,69138.0,bearish,-2.02
006650,대한유화,575250000000.0,93020.0,97970.0,95718.33,110300.0,88500.0,41.07,50184.0,bearish,-10.33
219130,타이거일렉,574600390000.0,81460.0,69780.0,69796.67,91000.0,91000.0,74.85,36974.0,bullish,26.39
00088K,한화3우B,574589398950.0,40000.0,40927.5,34873.33,43600.0,39150.0,50.75,25150.0,bearish,-3.45
045100,한양이엔지,569625000000.0,31960.0,30477.5,30680.0,32550.0,32550.0,59.28,51208.0,bullish,1.4
144960,뉴파워프라즈마,569314890720.0,12530.0,9892.0,9843.17,13030.0,13030.0,74.51,773920.0,bullish,26.75
00104K,CJ4우(전환),565507305600.0,129760.0,128665.0,130166.67,133800.0,133800.0,60.06,4118.0,bullish,6.95
025540,한국단자,564417000000.0,56320.0,55915.0,59298.3,57200.0,55800.0,45.02,18002.0,bullish,-0.18
456160,지투지바이오,563737541400.0,32940.0,34865.0,35000.83,41350.0,33900.0,46.63,127199.0,bearish,6.27
094170,동운아나텍,561431781600.0,27330.0,28552.5,30038.33,35750.0,26850.0,39.36,66369.0,bearish,-1.65
016380,KG스틸,561049912170.0,5618.0,5601.5,5453.67,5740.0,5610.0,51.05,156169.0,bearish,-2.26
114090,GKL,554845359900.0,8902.0,9214.0,9415.23,9670.0,8970.0,40.12,71140.0,bearish,0.22
452260,한화갤러리아,553469186550.0,2762.0,2505.75,2155.78,2855.0,2855.0,73.96,1925396.0,bullish,6.53
002350,넥센타이어,550846826280.0,5612.0,5821.5,6350.5,6420.0,5640.0,38.55,94264.0,bullish,2.55
399720,가온칩스,548471535000.0,45650.0,42750.0,45095.83,47400.0,46250.0,55.99,64442.0,bullish,8.19
017900,광전자,547568560350.0,10038.0,8886.0,7410.42,11060.0,9450.0,55.14,3574410.0,bearish,-10.17
075580,세진중공업,545754777600.0,9954.0,10204.5,10897.67,10450.0,9600.0,35.73,89182.0,bearish,-7.34
178920,PI첨단소재,545332599540.0,18514.0,18878.5,18786.5,20100.0,18570.0,47.34,27422.0,bearish,0.7
192650,드림텍,543566339250.0,8272.0,6940.5,5378.67,8530.0,8250.0,72.22,846924.0,bullish,7.98
003300,한일홀딩스,542941728840.0,17582.0,18116.0,17635.0,18990.0,17610.0,44.36,10838.0,bearish,-1.12
089890,코세스,539011265000.0,29320.0,25795.0,24644.17,32500.0,32500.0,69.11,129138.0,bullish,15.45
060250,NHN KCP,538553793510.0,13336.0,14195.0,13580.17,15770.0,13410.0,44.51,248823.0,bearish,3.15
336370,솔루스첨단소재,538528325660.0,7786.0,7799.5,7477.83,8510.0,7670.0,48.4,114788.0,bearish,-6.46
079940,가비아,536827360000.0,40900.0,41640.0,41792.5,45500.0,40000.0,42.19,23026.0,bearish,0.0
284740,쿠쿠홈시스,534008454000.0,23960.0,23572.5,22370.0,24300.0,23800.0,57.81,8782.0,bearish,0.42
101160,월덱스,532479524250.0,31060.0,30215.0,29299.17,32250.0,32250.0,62.77,38452.0,bullish,7.86
080580,오킨스전자,530437518250.0,24230.0,21569.5,16608.33,25150.0,25150.0,76.42,270980.0,bullish,13.29
005810,풍산홀딩스,528393751800.0,37060.0,37300.0,36170.0,38050.0,36650.0,45.73,11147.0,bearish,-2.66
001530,DI동일,527212554450.0,25510.0,26872.5,24925.83,28300.0,25450.0,46.11,28566.0,bearish,-3.6
007700,F&F홀딩스,525697092480.0,13400.0,13849.0,14222.83,14460.0,13440.0,38.87,7831.0,bearish,-1.03
001510,SK증권,523883367525.0,2321.0,2400.75,2341.92,2555.0,2265.0,39.81,1890222.0,bearish,-3.62
001270,부국증권,523679243000.0,51120.0,51630.0,53638.33,55600.0,50500.0,40.8,3015.0,bullish,-0.39
112040,위메이드,516695911260.0,15220.0,15271.0,16158.83,16600.0,15220.0,47.4,122362.0,bullish,1.94
397030,에이프릴바이오,515073635580.0,18340.0,17750.0,22790.83,18700.0,18690.0,44.98,158814.0,bullish,2.24
358570,지아이이노베이션,514192567820.0,8716.0,8553.5,8221.17,9560.0,7970.0,43.2,337644.0,bearish,-16.63
024850,HLB이노베이션,512862122160.0,15978.0,15548.5,12688.33,19680.0,16140.0,53.68,220751.0,bullish,17.72
058650,세아홀딩스,511770783200.0,128320.0,132205.0,124920.0,138200.0,126200.0,38.86,796.0,bearish,-3.22
009410,태영건설,511125019200.0,1623.4,1668.75,1644.67,1709.0,1600.0,38.93,206912.0,bearish,-4.99
029460,케이씨,509699743750.0,44290.0,40452.5,34389.17,46250.0,46250.0,71.67,27884.0,bullish,11.99
356680,엑스게이트,508074157600.0,17782.0,14812.0,12466.17,18510.0,17800.0,65.92,2701483.0,bullish,1.31
037460,삼지전자,507506034200.0,30810.0,30472.5,32733.33,31350.0,31100.0,48.98,47236.0,bullish,-0.64
003620,KG모빌리티,502901656320.0,2515.0,2618.25,2738.17,2735.0,2485.0,36.05,367964.0,bearish,-3.31
052020,에스티큐브,500357021760.0,7696.0,7843.0,7928.0,8320.0,7360.0,40.86,125520.0,bearish,1.38
214430,아이쓰리시스템,498352063000.0,67820.0,61730.0,62181.67,69600.0,68200.0,61.27,16764.0,bullish,8.95
484870,엠앤씨솔루션,494035983000.0,17918.0,17912.5,19254.5,19000.0,17990.0,50.78,128492.0,bullish,-5.32
0220W0,한화머시너리앤서비스홀딩스,493570724400.0,6258.0,6600.5,,7320.0,5840.0,13.67,2101933.0,,-7.45
161000,애경케미칼,491838447990.0,9998.0,10330.5,9548.33,11020.0,10110.0,50.93,121101.0,bearish,0.8
003545,대신증권우,490105013400.0,20220.0,20363.0,20096.83,20600.0,20100.0,45.93,27488.0,bearish,0.95
086900,메디톡스,489729148700.0,67720.0,68865.0,71458.33,73000.0,67100.0,41.92,16280.0,bullish,-0.3
475830,오름테라퓨틱,489440610000.0,24890.0,46115.0,52166.67,65000.0,22500.0,20.71,95129.0,bearish,-39.84
001500,현대차증권,483534404080.0,7860.0,7943.5,7937.83,8200.0,7820.0,44.76,54690.0,bearish,-0.89
211050,인카금융서비스,480813292320.0,9974.0,10530.5,10371.83,11310.0,9760.0,38.88,72890.0,bearish,-8.18
098120,마이크로컨텍솔,479646598200.0,57780.0,50035.0,34772.33,58700.0,57700.0,72.05,133203.0,bullish,7.85
187660,페니트리움바이오,479107234970.0,6798.0,6589.0,5024.67,8460.0,7490.0,63.08,2122230.0,bearish,14.7
104830,원익머트리얼즈,479104000000.0,35940.0,32952.5,33560.0,38000.0,38000.0,65.26,41946.0,bullish,16.56
376900,로킷헬스케어,478000946000.0,28450.0,27812.5,33756.67,31300.0,27400.0,43.98,108656.0,bullish,-3.86
008060,대덕,476502502540.0,14798.0,14767.0,14774.33,16190.0,15230.0,54.55,73090.0,bullish,7.33
004690,삼천리,475107787000.0,131020.0,133575.0,124518.33,138000.0,131000.0,50.03,5714.0,bearish,-0.68
145990,삼양사,474418654000.0,45880.0,47015.0,45594.17,48200.0,46000.0,46.3,7095.0,bearish,-2.54
002990,금호건설,473946869280.0,12968.0,14594.0,13029.0,17100.0,12720.0,41.58,2452621.0,bearish,-4.65
377740,바이오노트,473260692960.0,4654.0,4724.75,4701.58,4800.0,4645.0,41.45,39408.0,bearish,-0.21
348340,뉴로메카,471679743600.0,19986.0,18439.5,19503.78,20250.0,20150.0,56.66,335166.0,bullish,3.49
019170,신풍제약,470718327560.0,9224.0,9751.5,8754.83,10500.0,8980.0,43.1,329087.0,bearish,-4.67
034950,한국기업평가,470397250400.0,103740.0,103760.0,102468.33,105000.0,103600.0,52.81,740.0,bearish,0.29
039130,하나투어,469344939600.0,30380.0,32125.0,31618.33,34350.0,30300.0,36.85,22839.0,bearish,-0.49
033500,동성화인텍,469335581100.0,16044.0,16681.0,16723.83,18020.0,15650.0,35.58,77868.0,bearish,-5.55
099190,아이센스,468741766050.0,15942.0,16452.5,16726.33,18030.0,15850.0,38.97,26767.0,bearish,-2.1
460860,동국제강,467307520140.0,9660.0,10138.0,9460.5,10670.0,9420.0,41.62,134633.0,bearish,-8.45
082270,젬백스,464811599140.0,10412.0,10393.0,10717.0,11340.0,10220.0,45.81,107992.0,bullish,2.51
027360,아주IB투자,463986904980.0,3934.0,3484.0,3502.92,4020.0,3830.0,56.48,1524406.0,bullish,-0.91
015750,성우하이텍,463200000000.0,5818.0,5948.0,5900.83,6220.0,5790.0,43.27,160318.0,bearish,-3.02
003030,세아제강지주,460552258400.0,106820.0,105210.0,105208.33,111200.0,111200.0,58.58,14288.0,bullish,2.68
383310,에코프로에이치엔,459351010800.0,22040.0,22770.0,24153.33,25350.0,21900.0,42.87,104016.0,bearish,-1.35
041190,우리기술투자,458850000000.0,5890.0,5775.0,5128.42,6220.0,5750.0,52.11,2027536.0,bearish,5.89
019210,와이지-원,456738979840.0,12488.0,13185.5,16861.83,14300.0,12280.0,37.58,487486.0,bullish,-7.67
025980,아난티,454882128250.0,5123.0,5226.75,4475.5,5710.0,4675.0,41.99,2149196.0,bearish,-9.57
448730,삼성FN리츠,454339500000.0,4913.0,5214.75,5376.25,5530.0,4990.0,38.79,63981.0,bearish,-6.55
090435,아모레퍼시픽우,453986690000.0,42620.0,44360.0,43126.67,45950.0,43000.0,44.35,19588.0,bearish,0.82
069540,빛과전자,453584885425.0,4016.0,3649.5,2853.13,4410.0,4025.0,61.6,9290397.0,bearish,-1.83
042000,카페24,453340668750.0,17154.0,16164.0,16755.33,18780.0,18750.0,68.02,49224.0,bullish,25.92
290550,디케이티,452027798000.0,22020.0,17927.5,18717.0,22600.0,22600.0,68.32,355828.0,bullish,6.6
035890,서희건설,451505065800.0,2258.0,2308.75,2144.43,2440.0,2175.0,41.91,200238.0,bearish,-7.05
000070,삼양홀딩스,448712439800.0,58200.0,59825.0,58601.67,61700.0,57800.0,40.5,4970.0,bearish,0.52
460930,현대힘스,448499774730.0,12940.0,13284.5,13367.67,13960.0,12630.0,40.13,107830.0,bearish,-4.89
005250,녹십자홀딩스,447708559200.0,9536.0,9721.5,9859.0,10030.0,9520.0,42.49,40574.0,bearish,-0.31
002240,고려제강,446850000000.0,16712.0,17039.0,17071.17,17620.0,16550.0,38.67,12039.0,bearish,-2.07
004700,조광피혁,444827332200.0,66480.0,65745.0,64266.67,68200.0,66900.0,54.98,432.0,bearish,1.21
348370,엔켐,443697628500.0,20300.0,20783.0,20947.33,23350.0,20250.0,46.9,170810.0,bearish,-0.74
340570,티앤엘,443535312000.0,27980.0,28417.5,28915.83,31750.0,27600.0,42.74,67614.0,bullish,1.1
056080,유진로봇,443531637600.0,12070.0,11982.0,12246.5,12790.0,11600.0,43.94,316530.0,bullish,-7.2
170920,엘티씨,443165085700.0,38110.0,35050.0,39384.17,41950.0,41950.0,64.4,180556.0,bullish,24.67
067630,HLB생명과학,442558920540.0,2991.0,2686.0,2589.47,3630.0,3630.0,74.63,123198.0,bullish,50.94
365340,성일하이텍,442548188750.0,34660.0,36007.5,34081.67,38550.0,34250.0,44.33,27998.0,bearish,-3.25
016610,DB증권,437197806700.0,10306.0,10114.5,9516.0,10330.0,10300.0,63.31,48738.0,bearish,0.98
020000,한섬,437056827900.0,19784.0,16763.5,18196.33,20350.0,20350.0,76.61,80846.0,bullish,15.89
249420,일동제약,435658730040.0,13964.0,14828.0,14659.17,16490.0,13770.0,40.92,184378.0,bearish,-3.84
034310,NICE,435572310450.0,11908.0,12398.5,12472.0,13250.0,11850.0,38.51,16204.0,bearish,-1.41
010780,아이에스동서,434871892840.0,15012.0,15444.0,17481.17,16070.0,14630.0,36.48,71934.0,bullish,-6.7
174900,앱클론,433958805750.0,19868.0,20872.5,23705.0,24600.0,21750.0,48.51,115696.0,golden_cross,11.2
078350,한양디지텍,433702667900.0,27930.0,21498.5,20967.83,28450.0,28450.0,70.8,128908.0,bullish,11.35
089010,켐트로닉스,433505197950.0,24090.0,22735.0,21974.5,25850.0,25850.0,67.62,63895.0,bullish,15.66
003280,흥아해운,431803118604.0,1798.8,1781.55,1745.7,1901.0,1796.0,51.52,3860454.0,bearish,-0.39
376300,디어유,431801605140.0,17234.0,17723.0,19318.17,18650.0,18190.0,51.78,46245.0,golden_cross,6.5
018290,브이티,431531699300.0,11534.0,11940.5,12198.5,12930.0,12350.0,54.56,155158.0,golden_cross,5.65
278280,천보,430081177500.0,35070.0,38100.0,36085.0,42150.0,35100.0,40.74,27652.0,bearish,-3.7
013030,하이록코리아,429537256000.0,37380.0,35040.0,32817.5,38000.0,36500.0,59.8,32108.0,bullish,-0.82
336570,원텍,429439907260.0,4874.0,4948.0,5097.58,5120.0,4810.0,42.28,369512.0,bearish,-2.04
475960,토모큐브,428542333200.0,29180.0,28332.5,32165.83,31800.0,31800.0,59.33,23241.0,bullish,15.43
486990,노타,426992902800.0,20072.0,18195.5,18844.0,22550.0,19960.0,56.04,93862.0,bullish,14.38
005945,NH투자증권우,426483876800.0,22890.0,23062.5,24014.17,23600.0,22600.0,37.21,32239.0,bullish,0.44
114810,한솔아이원스,425243359140.0,14436.0,13217.0,12006.0,15110.0,15110.0,67.01,187854.0,bullish,19.83
009900,명신산업,424483375970.0,8318.0,8199.5,7549.5,8700.0,8090.0,50.52,143622.0,bearish,2.15
002030,아세아,424123512000.0,210900.0,212275.0,196073.33,226500.0,206000.0,48.46,1906.0,bearish,-6.36
030520,한컴,422661925120.0,17070.0,17237.5,17395.5,18000.0,17480.0,52.14,106350.0,bullish,2.94
125490,한라캐스트,422332212640.0,12088.0,11160.0,9627.67,12600.0,11570.0,54.45,1026361.0,bullish,-3.98
204620,글로벌텍스프리,421699980000.0,5908.0,5686.0,5174.5,6050.0,6000.0,63.98,603020.0,bullish,2.39
368770,파이버프로,417248657500.0,13118.0,12455.0,12534.67,14040.0,12700.0,49.5,140519.0,bullish,-9.54
357120,코람코라이프인프라리츠,416595315120.0,4237.0,4147.75,4065.87,4290.0,4280.0,65.69,51575.0,bullish,3.88
306200,세아제강,414667060000.0,143960.0,145380.0,135016.67,151400.0,146200.0,54.34,7694.0,bearish,-2.27
072710,농심홀딩스,413690868000.0,89700.0,92220.0,91286.67,95400.0,89200.0,33.97,1830.0,bearish,-1.22
033160,엠케이전자,413413096140.0,16022.0,14242.5,15072.17,16830.0,16830.0,64.14,681317.0,bullish,15.04
079370,제우스,412525967000.0,12228.0,10705.0,9769.83,13300.0,13300.0,71.51,177250.0,bullish,19.71
241770,메카로,410763392000.0,40770.0,39690.0,37100.83,42350.0,40300.0,54.16,10510.0,bullish,4.13
332570,PS일렉트로닉스,409330772730.0,8918.0,8171.0,7649.08,9300.0,8910.0,57.06,2201322.0,bullish,-2.09
403550,쏘카,407474977080.0,10710.0,10932.5,10556.33,11420.0,10740.0,47.81,12840.0,bearish,-0.46
014830,유니드,407409520000.0,60400.0,62690.0,62415.0,66400.0,60200.0,39.91,9756.0,bearish,-0.33
092230,KPX홀딩스,405988480600.0,96260.0,98050.0,91352.82,103500.0,96100.0,49.46,2028.0,bearish,-0.41
005389,현대차3우B,405176087000.0,174260.0,177515.0,186485.53,188300.0,174500.0,41.17,6573.0,bullish,1.63
417840,저스템,401107983880.0,16486.0,15047.0,12576.33,17480.0,17480.0,70.45,729596.0,bullish,18.03
002810,삼영무역,399809424200.0,21350.0,21765.0,21818.17,22450.0,21650.0,47.78,13488.0,bearish,2.85
001200,유진투자증권,396183649620.0,4147.0,4272.75,4259.58,4445.0,4090.0,39.89,363806.0,bearish,-0.85
078130,국일제지,394592054500.0,3478.0,3493.25,3673.08,3585.0,3500.0,47.61,55777.0,bullish,-0.28
047920,HLB제약,394576252680.0,8828.0,7455.5,8303.0,12030.0,12030.0,77.24,191482.0,bullish,93.72
130660,한전산업,394134000000.0,12550.0,12697.0,11686.17,13570.0,12090.0,45.45,368260.0,bearish,-7.29
003000,부광약품,391698743870.0,3973.0,4029.25,4074.25,4380.0,3970.0,45.43,228220.0,golden_cross,-0.87
005420,코스모화학,390995761040.0,10268.0,10535.5,10061.17,11710.0,10180.0,45.98,76230.0,bearish,-1.93
095660,네오위즈,390754449540.0,17864.0,17839.5,18138.17,18260.0,18060.0,51.28,38096.0,bullish,4.27
159010,아스플로,390041115750.0,26870.0,23935.0,19692.33,29800.0,29250.0,70.24,127886.0,bullish,32.65
236200,슈프리마,389166553800.0,53900.0,52545.0,52199.17,56200.0,55800.0,60.98,22848.0,bullish,8.77
271940,일진하이솔루스,387824869200.0,11040.0,11087.0,10610.83,11880.0,10680.0,45.23,27746.0,bearish,-7.05
092190,서울바이오시스,386670468690.0,8092.0,8140.0,7041.83,8800.0,8430.0,55.06,168370.0,bearish,-2.09
015360,INVENI,384825000000.0,14562.0,14423.0,14244.67,14840.0,14660.0,57.74,11906.0,bullish,1.81
330860,네패스아크,384406619750.0,28900.0,25425.0,27951.0,31550.0,31550.0,66.53,159788.0,bullish,19.73
477850,마키나락스,382614560800.0,21700.0,22472.5,24803.33,24550.0,21550.0,45.56,476033.0,bullish,1.89
092730,네오팜,382267537650.0,23510.0,22810.0,21537.17,25050.0,23850.0,59.34,58202.0,bullish,4.38
215200,메가스터디교육,381439948800.0,36490.0,35297.5,37637.5,37000.0,36800.0,57.52,29508.0,bullish,5.75
029530,신도리코,380370790350.0,39140.0,39500.0,40524.17,41050.0,39150.0,44.28,3818.0,bullish,1.16
344820,KCC글라스,378501134400.0,23750.0,24495.0,23663.27,25350.0,23700.0,42.89,6910.0,bearish,0.21
016590,신대양제지,373963769600.0,9638.0,10104.5,9919.33,10550.0,9280.0,33.13,7148.0,bearish,-5.6
441270,파인엠텍,373865921000.0,8652.0,8691.0,7686.5,9400.0,8840.0,54.33,822318.0,bearish,-2.32
101730,위메이드맥스,373762655560.0,4677.0,4441.75,4228.42,5200.0,4460.0,50.42,161526.0,bearish,-2.73
317400,자이에스앤디,373087842400.0,9798.0,10454.5,8409.33,11570.0,9620.0,46.68,927182.0,bearish,-3.41
089590,제주항공,372964555625.0,4511.0,4612.5,4405.25,4970.0,4625.0,53.22,186934.0,bearish,6.44
126560,현대퓨처넷,371829541200.0,3363.0,3362.25,3181.67,3425.0,3405.0,63.1,54470.0,bearish,1.19
183190,아세아시멘트,371295767040.0,10450.0,10666.5,9833.0,11430.0,10320.0,48.24,33354.0,bearish,-4.88
200710,에이디테크놀로지,370878292850.0,26740.0,24800.0,27075.83,27550.0,27550.0,58.74,74486.0,bullish,9.98
194370,제이에스코퍼레이션,369093161760.0,12832.0,12974.5,12671.33,14090.0,12720.0,47.12,42943.0,bearish,0.16
031430,신세계인터내셔날,368052720000.0,10484.0,10511.0,11006.67,10850.0,10520.0,47.16,50050.0,bullish,-0.09
078020,LS증권,366730665900.0,6578.0,6611.0,6531.83,6780.0,6610.0,51.09,39642.0,bearish,0.61
001940,KISCO홀딩스,366459423000.0,26650.0,26665.0,26482.5,28350.0,25850.0,44.12,5070.0,bearish,-2.08
006220,제주은행,364378089480.0,9642.0,9945.5,9547.33,10350.0,9640.0,46.08,246562.0,bearish,-0.92
950210,프레스티지바이오파마,362980776200.0,5950.0,6210.0,6082.17,6720.0,6040.0,45.58,29551.0,bearish,1.0
107640,한중엔시에스,361691345400.0,40020.0,41050.0,35464.17,43150.0,39900.0,50.86,86704.0,bearish,-4.89
008730,율촌화학,361336000000.0,14760.0,15555.0,14765.5,16870.0,14570.0,41.5,43468.0,bearish,-3.19
003800,에이스침대,360425000000.0,32540.0,32687.5,32568.33,33050.0,32500.0,46.24,1596.0,bearish,-0.46
348210,넥스틴,360408972000.0,33450.0,31845.0,34015.83,34450.0,34400.0,56.55,57350.0,bullish,5.36
200470,에이팩트,358914923640.0,8002.0,6740.0,5865.33,8190.0,8190.0,68.62,612641.0,bullish,13.12
027410,BGF,355587878565.0,3729.0,3804.75,3921.75,3930.0,3715.0,38.3,50068.0,bearish,-0.54
011930,신성이엔지,355155123180.0,17090.0,16544.5,16158.5,17640.0,17490.0,59.77,115390.0,bullish,3.55
078160,메디포스트,354801657150.0,9028.0,8877.0,8940.33,9160.0,9050.0,51.56,34126.0,bullish,2.03
036800,나이스정보통신,354445000000.0,7614.0,7692.5,6622.5,8150.0,7790.0,58.15,115106.0,bearish,-3.11
052710,아모텍,353814352000.0,18634.0,14404.0,13855.88,19350.0,18940.0,73.5,554584.0,bullish,11.41
039440,에스티아이,352785319250.0,21440.0,19956.5,21909.5,22750.0,22750.0,61.67,52000.0,bullish,12.62
025320,시노펙스,352283276460.0,3795.0,3840.25,3923.0,4000.0,3820.0,46.43,283096.0,golden_cross,-0.39
060980,HL홀딩스,351088802400.0,39280.0,39817.5,39015.83,40850.0,39200.0,46.66,8515.0,bearish,-1.13
007690,국도화학,350985532800.0,37660.0,38555.0,37936.67,40750.0,37900.0,48.54,17672.0,bearish,0.66
439960,코스모로보틱스,348519723240.0,11312.0,11844.5,13655.33,12650.0,10740.0,32.64,599736.0,bullish,-7.41
012030,DB,348030904090.0,1699.6,1612.75,1533.62,1747.0,1730.0,62.55,596276.0,bullish,6.72
138080,오이솔루션,347814999800.0,27940.0,24475.0,22376.17,28350.0,28100.0,64.41,239854.0,bullish,2.37
456010,아이씨티케이,347331282500.0,23290.0,18415.5,16521.33,26450.0,23950.0,66.28,813494.0,bullish,5.51
010955,S-Oil우,346690107400.0,82720.0,74835.0,68160.76,88600.0,86200.0,71.62,22758.0,bullish,12.83
003350,한국화장품제조,346244800000.0,15386.0,14409.5,11023.83,15850.0,15280.0,60.81,839770.0,bearish,-3.11
093520,매커스,345153273000.0,28490.0,27005.0,23430.83,29250.0,29000.0,64.73,11758.0,bullish,9.43
006910,보성파워텍,344400066240.0,7330.0,7279.0,6906.58,7650.0,7010.0,45.73,626865.0,bearish,-8.25
025900,동화기업,344295110850.0,6778.0,7080.0,6634.0,7780.0,6810.0,46.07,57480.0,bearish,-1.16
02826K,삼성물산우B,343416060000.0,237400.0,233275.0,222913.33,248500.0,234000.0,52.15,4426.0,bullish,1.96
092790,넥스틸,343226400000.0,13704.0,13590.5,12248.5,14830.0,13200.0,48.32,441552.0,bearish,-6.05
105630,한세실업,341600000000.0,8582.0,8917.0,9032.0,9200.0,8540.0,35.16,29602.0,bearish,-3.06
104700,한국철강,339714000000.0,9484.0,9600.5,9539.67,10040.0,9320.0,39.89,16810.0,bearish,-1.89
393890,더블유씨피,339446734320.0,10152.0,10038.0,8825.67,10960.0,10030.0,53.43,247638.0,bearish,-2.53
015860,일진홀딩스,339017208210.0,6956.0,6767.5,6320.0,7090.0,6870.0,53.52,76688.0,bullish,-1.86
0120G0,삼양바이오팜,337588498000.0,46640.0,48962.5,46801.67,55300.0,45400.0,42.27,37088.0,bearish,-5.12
170900,동아에스티,337557470700.0,34890.0,36112.5,36366.67,38000.0,34700.0,37.19,4474.0,bearish,-2.12
117730,티로보틱스,337242742850.0,13988.0,13178.5,13004.67,14950.0,14950.0,65.05,57344.0,bullish,12.07
005610,삼립,336531351000.0,39070.0,40647.5,39654.17,42250.0,39000.0,39.83,2120.0,bearish,-3.47
060280,큐렉소,335442092700.0,7980.0,8086.5,8409.67,8790.0,8130.0,47.54,134176.0,bullish,1.25
097520,엠씨넥스,334108800000.0,18516.0,19049.0,18991.5,20900.0,19200.0,51.77,26492.0,bearish,2.07
006405,삼성SDI우,333286576000.0,211800.0,217100.0,202320.0,229000.0,206000.0,43.41,3994.0,bearish,-5.29
217590,티엠씨,332741247250.0,14210.0,12275.0,12164.83,14610.0,13810.0,59.03,641249.0,bullish,-5.09
036620,감성코퍼레이션,332043578080.0,3697.0,3765.5,4001.75,3920.0,3695.0,41.62,215388.0,bullish,-0.94
018000,유니슨,331904031549.0,1228.6,1234.35,1010.9,1290.0,1137.0,46.16,1463553.0,bearish,-11.52
017810,풀무원,331648715400.0,8770.0,9210.0,9172.0,9910.0,8700.0,36.02,19437.0,bearish,-1.69
000157,두산2우B,329977541000.0,391200.0,359550.0,350348.02,402500.0,369500.0,52.7,268.0,bullish,0.14
372320,큐로셀,329667840800.0,21280.0,22637.5,24488.33,24400.0,21650.0,37.59,16866.0,bearish,0.93
455900,엔젤로보틱스,329409793400.0,21270.0,20852.0,19968.17,21800.0,21400.0,53.28,33722.0,bullish,-0.23
110990,디아이티,329049000000.0,17390.0,16228.5,16409.33,17730.0,17410.0,57.63,57293.0,bullish,3.57
064260,다날,327923056095.0,4393.0,4801.25,4657.25,5300.0,4335.0,37.28,1083204.0,bearish,-2.47
452430,사피엔반도체,326501900550.0,39540.0,35755.0,30047.5,41050.0,39550.0,64.37,40908.0,bullish,2.33
121440,골프존홀딩스,326416553160.0,7662.0,7778.0,7193.17,8050.0,7620.0,50.37,24096.0,bearish,-1.42
011760,현대코퍼레이션,326094011900.0,25460.0,26037.5,25132.5,27100.0,24650.0,37.47,15958.0,bearish,-6.98
017890,한국알콜,320852813120.0,15038.0,14510.0,13895.83,15730.0,15520.0,64.45,31332.0,bullish,8.99
036200,유니셈,320134488120.0,9630.0,9143.5,8614.83,10440.0,10440.0,68.06,141996.0,bullish,14.73
001230,동국홀딩스,318790815750.0,2117.0,2075.5,1889.18,2185.0,2050.0,50.34,376113.0,bearish,-6.18
215600,신라젠,318673197200.0,2259.0,2317.5,2250.28,2575.0,2300.0,49.7,724759.0,bearish,4.31
046970,우리로,318169492740.0,7666.0,6497.5,5166.0,8080.0,7260.0,60.91,2070299.0,bullish,-10.15
096760,JW홀딩스,317877250600.0,4323.0,4251.75,4005.75,4360.0,4300.0,59.54,60724.0,bearish,-0.69
024720,콜마홀딩스,317583358340.0,9354.0,9599.5,9352.33,10330.0,9260.0,41.46,20652.0,bearish,-1.59
061970,LB세미콘,316074357060.0,4398.0,4087.0,4151.83,4510.0,4510.0,59.16,354666.0,bullish,11.63
145720,덴티움,316065605150.0,37030.0,37370.0,38565.0,38200.0,36650.0,43.07,10667.0,bullish,-4.06
389470,인벤티지랩,316058065000.0,24560.0,25767.5,29681.67,29500.0,23750.0,33.53,57350.0,bullish,-6.68
448900,한국피아이엠,315871764000.0,54340.0,51447.5,53158.33,56700.0,52000.0,47.68,60314.0,bullish,-8.29
009290,광동제약,315232784640.0,6414.0,6360.0,6217.0,6550.0,6330.0,49.77,87456.0,bullish,3.26
009160,SIMPAC,314434356080.0,4749.0,4838.25,4834.33,5260.0,4810.0,49.78,58390.0,bearish,2.56
002310,아세아제지,314018099600.0,8274.0,8544.0,8029.67,8980.0,7960.0,38.25,54598.0,bearish,-6.24
168360,펨트론,311480467870.0,14088.0,13306.5,13474.33,14300.0,13910.0,54.26,63209.0,bullish,2.28
381970,KG모빌리티플랫폼,310988801760.0,6376.0,6407.0,7035.17,6550.0,6370.0,43.28,70567.0,bullish,-2.15
199800,툴젠,310868081950.0,34180.0,33660.0,36916.66,35900.0,34550.0,49.43,20962.0,bullish,8.14
234340,헥토파이낸셜,310148563200.0,21950.0,22349.5,19778.83,25250.0,22200.0,52.59,667368.0,bearish,12.69
272450,진에어,310068000000.0,5940.0,5970.5,5539.75,6500.0,5940.0,53.18,77657.0,bearish,2.77
026890,스틱인베스트먼트,309778987630.0,7840.0,8179.5,8042.5,8500.0,7990.0,46.57,29114.0,bearish,6.82
446540,메가터치,308238576600.0,10028.0,8412.0,7287.17,10900.0,10600.0,69.4,479662.0,bullish,23.98
424870,이뮨온시아,308025646530.0,3313.0,3091.0,3044.75,3650.0,3370.0,55.37,138742.0,bullish,2.43
488900,비츠로넥스텍,305411709220.0,10674.0,10170.5,9184.17,12130.0,10540.0,53.76,45013.0,bullish,-7.71
900290,GRT,305153043650.0,3445.0,3724.5,3350.83,4210.0,3290.0,39.55,230782.0,bearish,-3.24
482630,삼양엔씨켐,304247092000.0,13824.0,12946.5,13165.67,13980.0,13900.0,56.7,98728.0,bullish,5.7
002020,코오롱,303330480000.0,23970.0,24977.5,28580.83,26350.0,23500.0,34.75,21296.0,bullish,-6.37
025860,남해화학,303040942300.0,6118.0,6221.5,5936.83,6510.0,6100.0,48.98,274690.0,bearish,-1.45
126720,수산인더스트리,302863200000.0,21450.0,21612.5,21584.67,22500.0,21200.0,44.05,16306.0,bearish,-2.3
206650,유바이오로직스,302471486610.0,8316.0,8575.0,8449.67,9290.0,8230.0,42.19,81655.0,bearish,-2.14
010820,퍼스텍,300922857460.0,6290.0,6035.5,5919.67,6430.0,6170.0,51.85,358100.0,bullish,-3.44
042520,한스바이오메드,300201775350.0,18376.0,19316.0,20571.5,21200.0,21050.0,58.97,93860.0,golden_cross,16.17
484590,삼양컴텍,300012076000.0,6832.0,6747.0,6425.33,7280.0,7280.0,63.53,134750.0,bullish,9.8
020120,키다리스튜디오,296880765660.0,8050.0,7882.5,5163.67,9250.0,8010.0,57.36,478672.0,bearish,-4.87
123890,한국자산신탁,296756770550.0,2440.0,2521.0,2384.67,2640.0,2425.0,43.14,167934.0,bearish,-1.22
018250,애경산업,295527172650.0,11118.0,11435.0,11456.0,12060.0,11190.0,42.96,17572.0,bearish,0.54
002710,TCC스틸,294641954280.0,11484.0,11484.5,10185.17,12320.0,11240.0,50.38,170442.0,bearish,1.26
108670,LX하우시스,294139576000.0,32870.0,34057.5,33515.83,35800.0,32800.0,42.95,12885.0,bearish,-2.09
425040,티이엠씨,292889917280.0,12946.0,9945.0,9395.33,13360.0,13360.0,78.2,144174.0,bullish,30.21
160980,싸이맥스,292769712400.0,26450.0,24070.0,28819.17,26850.0,26800.0,54.64,114939.0,bullish,8.06
200880,서연이화,291907119600.0,10894.0,11302.0,11393.17,12260.0,10800.0,37.97,24513.0,bearish,-3.05
071200,인피니트헬스케어,291537673100.0,11988.0,10747.5,9461.5,13400.0,11950.0,60.7,49481.0,bullish,-3.86
035810,이지홀딩스,291290575275.0,4565.0,4623.75,4460.5,4745.0,4515.0,45.35,149255.0,bearish,-2.48
244920,에이플러스에셋,289604547330.0,12814.0,13370.0,12443.17,14030.0,12810.0,45.11,25766.0,bearish,-2.36
054950,제이브이엠,289552913400.0,23230.0,23382.5,23115.0,24050.0,23950.0,59.63,11501.0,golden_cross,3.9
001750,한양증권,289497751760.0,19180.0,19335.5,19566.83,19720.0,19160.0,42.46,7034.0,bearish,-0.31
025770,한국정보통신,289069772120.0,7870.0,7998.5,7895.33,8280.0,7720.0,38.47,19754.0,bearish,-3.86
003120,일성아이에스,288610000000.0,21820.0,21385.0,20665.5,22100.0,21700.0,58.47,3702.0,bearish,-1.36
265520,AP시스템,288373730360.0,19066.0,18778.5,19283.83,19280.0,19160.0,52.05,34294.0,bullish,4.76
352480,씨앤씨인터내셔널,288272406150.0,21810.0,21730.0,20605.17,22750.0,21150.0,45.5,13801.0,bearish,-4.3
049070,인탑스,287769244000.0,18164.0,18242.5,18007.5,19280.0,18280.0,50.66,44791.0,bearish,1.16
034830,한국토지신탁,286827765280.0,1144.2,1170.9,1142.7,1200.0,1136.0,41.62,235686.0,bearish,-2.66
005720,넥센,284262915570.0,5448.0,5734.5,5942.67,6210.0,5410.0,31.29,15648.0,bearish,-3.57
000430,대원강업,283960000000.0,4851.0,4679.25,4100.17,5040.0,4580.0,50.34,112705.0,bearish,-5.47
092460,한라IMS,283849591200.0,16366.0,16675.5,16625.67,17530.0,16590.0,47.59,11710.0,bearish,1.1
084690,대상홀딩스,282457796400.0,7790.0,7927.0,7702.5,8290.0,7800.0,47.05,21376.0,bearish,-1.14
136480,하림,281986758810.0,2649.0,2657.25,2675.83,2685.0,2655.0,48.46,155320.0,bullish,0.95
033270,유나이티드제약,281461609750.0,17708.0,18059.5,17831.0,18500.0,17690.0,42.05,17708.0,bearish,-1.34
200670,휴메딕스,281309746500.0,24560.0,25432.5,25628.59,26600.0,25050.0,47.26,20040.0,bearish,1.01
044450,KSS해운,280638635750.0,11362.0,10392.0,10024.83,12430.0,12430.0,83.82,45352.0,bullish,24.3
101930,인화정공,280108333230.0,6330.0,6430.0,6794.83,6790.0,6130.0,36.12,11486.0,bullish,-5.11
001390,KG케미칼,279559307560.0,4235.0,4396.75,4300.58,4520.0,4210.0,39.89,94356.0,bearish,-4.21
122900,아이마켓코리아,278462237200.0,8346.0,8225.0,7791.33,8390.0,8330.0,61.06,34012.0,bearish,-0.36
084110,휴온스글로벌,277882873400.0,21680.0,22912.5,24035.27,26200.0,21950.0,42.95,32579.0,bearish,0.46
086390,유니테스트,277491074380.0,12908.0,11661.0,10348.5,13300.0,13130.0,64.78,149382.0,bullish,8.33
448280,에코아이,277347367440.0,9300.0,9353.5,8160.5,9640.0,9360.0,58.34,6262.0,bearish,0.86
472850,폰드그룹,276919646120.0,4884.15,4922.97,4606.07,5316.82,4810.0,46.79,29758.0,bearish,-3.21
005430,한국공항,276739427000.0,84520.0,80860.0,83203.33,87400.0,87400.0,64.89,4440.0,bullish,9.52
389500,에스비비테크,276200914400.0,42540.0,39545.0,36444.17,43800.0,41450.0,55.13,83095.0,bullish,1.47
005950,이수화학,275825832810.0,10636.0,11304.0,12559.17,12610.0,10490.0,37.92,262242.0,bearish,-2.6
016800,퍼시스,275425000000.0,24610.0,26520.0,26802.5,28000.0,23950.0,23.81,730.0,bearish,-7.35
203650,드림시큐리티,275110629220.0,2745.0,2436.6,2149.53,2855.0,2705.0,61.25,2113250.0,bullish,-4.42
042370,비츠로테크,273266260750.0,10822.0,9310.5,8643.67,11440.0,10430.0,59.24,207348.0,bullish,-8.83
035600,KG이니시스,273064440940.0,9944.0,10154.0,9864.83,10610.0,9910.0,43.31,36692.0,bearish,-0.4
004310,현대약품,272960000000.0,8888.0,9085.5,6917.5,10500.0,8530.0,50.28,10094406.0,bearish,-15.29
084010,대한제강,272910472240.0,8012.0,8414.07,8009.95,8790.0,7940.0,41.79,25028.0,bearish,-3.87
228760,지노믹트리,272208261900.0,11090.0,10712.5,11579.83,11960.0,10950.0,48.32,60432.0,bullish,-8.44
068930,디지털대성,272048611860.0,9482.0,8893.0,8112.17,9830.0,9830.0,81.32,22106.0,bullish,10.45
099440,스맥,271608708120.0,4131.0,4105.5,3688.33,4600.0,3980.0,46.49,206670.0,bearish,-5.46
078520,에이블씨엔씨,271602074880.0,10686.0,10796.0,10866.25,12910.0,10880.0,50.51,74395.0,bullish,-0.55
010580,에스엠벡셀,271454294400.0,2684.0,2313.15,1809.73,2845.0,2440.0,55.6,1782406.0,bearish,-2.4
091580,상신이디피,271229256650.0,21050.0,21437.5,17698.67,23100.0,20350.0,49.05,259602.0,bearish,-11.9
004430,송원산업,270000000000.0,11348.0,11616.0,11777.33,11940.0,11250.0,42.81,93410.0,bearish,-3.02
017390,서울가스,268785000000.0,54520.0,55595.0,55171.67,57200.0,54300.0,41.18,4530.0,bearish,-0.73
105840,우진,268629011000.0,13948.0,14109.5,14012.17,15660.0,13300.0,43.42,356838.0,bearish,-13.13
309710,아이티켐,268443021000.0,21000.0,21000.0,21000.0,21000.0,21000.0,32.38,0.0,bullish,0.0
002900,TYM,267444000000.0,6618.0,6878.0,6579.56,7520.0,6460.0,40.21,153618.0,bearish,-4.58
058430,포스코스틸리온,267300000000.0,4569.0,4689.5,4620.83,4865.0,4455.0,40.2,154718.0,bearish,-6.41
091810,트리니티항공,265986367055.0,2599.0,2711.5,2968.67,2995.0,2605.0,32.06,66772.0,golden_cross,-0.19
182400,엔케이젠바이오텍코리아,265496721770.0,47981.0,47981.0,47981.0,47981.0,47981.0,,0.0,bearish,0.0
294570,쿠콘,265412551600.0,26660.0,27930.0,22566.0,30950.0,26300.0,50.03,179114.0,bearish,2.14
094360,칩스앤미디어,265018950340.0,12046.0,10973.0,10789.0,12570.0,12410.0,64.95,49021.0,bullish,13.96
012210,삼미금속,264632126920.0,12200.0,10897.0,8220.17,13540.0,11480.0,56.13,1758996.0,bearish,2.87
484120,도우인시스,264621741300.0,23570.0,20665.0,18415.17,24150.0,24150.0,66.51,55639.0,bullish,3.87
037710,광주신세계,261611999600.0,34570.0,35295.0,37958.96,37100.0,34300.0,39.46,19102.0,bullish,-2.28
024840,KBI메탈,261232865670.0,6222.0,5726.0,5112.0,6500.0,6010.0,55.89,1804386.0,bullish,-7.54
091700,파트론,261000000000.0,5216.0,5335.5,5560.5,5500.0,5220.0,40.39,66277.0,bearish,2.15
394280,오픈엣지테크놀로지,260303716400.0,9678.0,8776.0,9525.0,9880.0,9880.0,62.06,60371.0,bullish,8.69
060720,KH바텍,260215087580.0,10986.0,10878.0,10451.67,11110.0,10990.0,54.34,81938.0,bullish,0.27
043150,바텍,259503852320.0,17558.0,17980.5,18270.67,19140.0,17470.0,39.94,21538.0,bearish,-1.96
286940,롯데이노베이트,259166056710.0,17468.0,18063.0,17861.83,18790.0,17130.0,36.07,6577.0,bearish,-5.72
378340,필에너지,258860828720.0,11990.0,11767.0,10907.17,12500.0,11960.0,55.46,44126.0,bearish,-2.05
304360,에스바이오메딕스,257111236800.0,20340.0,20323.0,19264.17,21950.0,20600.0,54.09,21640.0,bearish,0.73
493280,아이엠바이오로직스,256389746470.0,16486.0,15725.0,17186.0,17670.0,17270.0,54.66,94128.0,bullish,9.93
098070,한텍,256342300050.0,24230.0,24612.5,24736.67,26850.0,23050.0,41.92,65902.0,bearish,-7.24
010690,화신,255966605300.0,7440.0,7631.5,8025.17,8020.0,7330.0,38.04,116898.0,bearish,-4.18
051500,CJ프레시웨이,255832678300.0,21760.0,22825.0,23080.0,24300.0,21550.0,34.3,6452.0,bearish,-1.82
004360,세방,255766768140.0,13410.0,13488.0,13124.0,13650.0,13380.0,48.92,11745.0,bearish,-0.82
334890,이지스밸류플러스리츠,254876666610.0,3642.0,3731.0,3624.92,4050.0,3670.0,48.4,75963.0,bearish,2.23
036890,진성티이씨,254476795650.0,11884.0,12480.0,13121.17,13180.0,11550.0,32.09,51826.0,bearish,-5.41
032580,피델릭스,254122930880.0,6920.0,5429.75,4770.0,7670.0,7670.0,78.72,665916.0,bullish,32.7
005680,삼영전자,254000000000.0,12710.0,12376.5,13196.67,12770.0,12700.0,52.69,16128.0,bullish,-0.31
151860,KG에코솔루션,253724000660.0,5424.0,5557.0,5517.17,5700.0,5330.0,39.97,52872.0,bearish,-4.99
389650,넥스트바이오메디컬,253698815900.0,30270.0,30502.5,34512.5,33350.0,30650.0,46.33,19088.0,bullish,6.98
267980,매일유업,252900054000.0,33520.0,34067.5,33902.5,34950.0,33000.0,36.52,1360.0,bearish,-3.23
354320,알멕,251820411400.0,38580.0,35600.0,30865.83,42200.0,39400.0,57.08,126242.0,bullish,4.23
067390,아스트,251009911720.0,6022.0,5692.75,5170.83,6300.0,5960.0,59.71,76224.0,bullish,1.36
216080,제테마,250942176270.0,7080.0,6592.75,5235.67,7340.0,6730.0,57.37,183692.0,bearish,-3.58
0011T0,채비,250241320030.0,5452.0,5169.5,5108.17,5610.0,5330.0,52.02,165662.0,bullish,-3.62
287840,인투셀,249965414400.0,17124.0,17330.0,19261.17,18960.0,16640.0,40.03,31142.0,bullish,-2.97
089980,상아프론테크,249748757940.0,15668.0,15231.5,14416.83,16840.0,15620.0,54.21,14252.0,bullish,-7.24
377450,리파인,249725300000.0,14552.0,15926.0,13718.33,17160.0,14410.0,43.06,116902.0,bearish,-3.42
317330,덕산테코피아,249609558960.0,12674.0,12841.5,11174.17,13720.0,12190.0,48.58,114173.0,bearish,-6.66
003200,일신방직,249575200000.0,11130.0,11009.5,10653.67,12250.0,10870.0,48.25,38066.0,bearish,-9.11
005500,삼진제약,249483600000.0,18562.0,18618.0,18226.17,18820.0,18730.0,57.01,19675.0,bearish,1.41
254490,미래반도체,248911120000.0,16610.0,15567.0,15586.5,17240.0,17240.0,62.69,36036.0,bullish,11.59
023410,유진기업,248554424545.0,3234.0,3241.0,3336.0,3315.0,3215.0,44.71,179256.0,bullish,-1.53
432320,KB스타리츠,248007248825.0,1647.0,1580.35,1472.8,1761.0,1645.0,61.68,325876.0,bullish,-6.59
003960,사조대림,247898832350.0,26800.0,28742.5,29729.17,31000.0,27050.0,33.25,2346.0,bearish,-2.52
044820,코스맥스비티아이,247781161800.0,25530.0,24545.0,22629.83,26800.0,25800.0,57.75,24560.0,bullish,-0.58
461300,아이스크림미디어,246944439160.0,18640.0,18976.0,17538.5,19540.0,18520.0,49.13,21558.0,bearish,-0.75
036710,심텍홀딩스,246177333640.0,4385.0,4091.5,3784.17,4690.0,4660.0,64.85,168331.0,bullish,20.73
298690,에어부산,245838541848.0,1516.8,1524.7,1512.2,1600.0,1509.0,47.18,48035.0,bearish,0.53
001790,대한제당,245789457750.0,2832.0,2867.0,2757.42,2925.0,2850.0,52.31,133944.0,bearish,-0.7
073490,LIG아큐버,244843841200.0,32030.0,30447.5,29035.0,32250.0,32200.0,60.91,34456.0,bullish,0.63
439090,마녀공장,244423506600.0,15356.0,16000.5,16440.17,17420.0,14910.0,36.49,83096.0,bearish,-5.45
404990,신한서부티엔디리츠,243430047000.0,3894.0,3786.79,3746.15,3950.0,3950.0,62.12,39112.0,bullish,3.4
100120,뷰웍스,241779526450.0,25870.0,26130.0,25134.17,27400.0,26950.0,57.53,11356.0,golden_cross,5.69
036030,케이티알파,241664365130.0,4904.0,4797.0,4652.08,4970.0,4930.0,64.12,19238.0,bullish,-0.8
115450,HLB테라퓨틱스,241442399700.0,2221.8,2081.9,2011.58,2580.0,2550.0,69.69,192598.0,bullish,32.95
007160,사조산업,241250000000.0,48810.0,49882.5,49212.5,51700.0,48250.0,41.24,2056.0,bearish,-1.33
136490,선진,240411796440.0,10250.0,10513.0,10094.5,11260.0,10110.0,43.92,48426.0,bearish,-1.08
272110,케이엔제이,239959310500.0,29810.0,26212.5,26463.33,30300.0,29900.0,64.59,60366.0,bullish,10.54
030210,다올투자증권,239685202110.0,3899.0,3914.25,3679.58,4055.0,3935.0,54.7,60366.0,bearish,4.65
003920,남양유업,239419463400.0,42280.0,43102.5,43037.5,44650.0,42200.0,40.85,2574.0,bearish,-1.75
025000,KPX케미칼,239266609500.0,56980.0,55465.0,52135.17,57700.0,57700.0,71.07,3548.0,bullish,3.04
452280,한선엔지니어링,239248538100.0,13152.0,11521.0,11380.5,13500.0,12430.0,55.04,473590.0,bullish,-7.93
043370,피에이치에이,239190000000.0,11266.0,11204.5,11080.33,11550.0,11390.0,55.93,12778.0,bullish,1.52
085910,네오티스,238926247760.0,16064.0,14477.0,16201.67,17320.0,17320.0,62.07,169241.0,bullish,30.72
064850,에프앤가이드,237334905600.0,19752.0,17704.5,18736.33,20800.0,20800.0,67.23,31563.0,bullish,15.24
445090,에이직랜드,237086778600.0,21730.0,20771.5,20326.83,22100.0,21700.0,56.0,15810.0,bullish,3.09
002320,한진,236814080160.0,14584.0,14674.0,15049.67,15260.0,15260.0,59.66,18096.0,bullish,6.19
108860,셀바스AI,235235264600.0,8822.0,8923.0,8636.17,9260.0,8740.0,45.86,164043.0,bearish,-1.24
314130,지놈앤컴퍼니,234824418250.0,4438.0,3674.5,3789.17,4835.0,4490.0,61.99,244667.0,bullish,32.25
019010,베뉴지,234734000000.0,4897.0,4771.0,4475.25,4980.0,4870.0,55.55,212501.0,bearish,0.21
065680,우주일렉트로,234245939850.0,25470.0,23847.5,24705.67,27550.0,25350.0,54.53,14580.0,bullish,14.19
376270,HEM파마,233539405450.0,33510.0,35607.5,39110.0,39500.0,32350.0,29.64,7038.0,bearish,-4.57
348950,제이알글로벌리츠,233298432000.0,1182.0,1182.0,1182.0,1182.0,1182.0,31.65,0.0,bullish,0.0
003070,코오롱글로벌,232629224850.0,9232.0,9295.99,9173.15,9619.39,9150.0,45.53,7970.0,bearish,-1.82
008490,서흥,231960715650.0,20116.0,20831.5,21583.0,22850.0,20050.0,41.09,14492.0,bearish,-2.2
900140,엘브이엠씨홀딩스,231695277968.0,1144.2,1171.15,1208.47,1260.0,1199.0,54.3,240968.0,bullish,7.53
064820,케이프,231451612500.0,7698.0,7723.5,8187.5,8000.0,7500.0,40.19,35856.0,bullish,-6.25
011560,세보엠이씨,231447812400.0,23860.0,24355.0,23035.5,26250.0,22950.0,44.43,41204.0,bearish,-7.46
065710,서호전기,230720000000.0,44990.0,45417.5,44060.0,46200.0,44800.0,48.23,6528.0,bearish,-1.32
226320,잇츠한불,230477100650.0,10556.0,10566.5,10241.17,11200.0,10510.0,49.85,18412.0,bearish,-2.69
389260,대명에너지,230045613000.0,12950.0,13051.5,13398.17,13340.0,12840.0,44.91,64870.0,bullish,-2.95
000680,LS네트웍스,229316776560.0,2932.0,2973.5,2927.33,3145.0,2910.0,46.01,56622.0,bearish,-1.52
053690,한미글로벌,228464917500.0,21660.0,22360.0,19116.67,24200.0,20850.0,46.85,235158.0,bearish,-5.87
001470,삼부토건,227794235460.0,9429.35,9429.35,3677.19,9429.35,9429.35,100.0,0.0,bearish,0.0
215000,골프존,226856252250.0,35930.0,35922.5,37132.5,36800.0,36150.0,50.77,10620.0,bullish,2.55
243070,휴온스,226775058450.0,19068.0,20234.5,23744.51,21550.0,18930.0,23.9,21991.0,golden_cross,-3.91
144510,지씨셀,226418929520.0,14192.0,14260.0,13960.83,15100.0,14330.0,51.47,30620.0,bearish,-2.45
416180,신성에스티,224638483300.0,24760.0,24545.0,21459.0,25950.0,24850.0,56.14,10208.0,bearish,1.84
180400,DXVX,224419104960.0,2337.0,2365.5,2409.8,2540.0,2280.0,40.77,33635.0,bearish,-2.15
256840,한국비엔씨,224335226080.0,2991.0,2793.5,2580.58,3425.0,3280.0,64.01,1412294.0,bullish,17.99
001340,PKC,224239883220.0,4984.0,5010.75,5069.75,5200.0,4980.0,48.48,71404.0,bullish,1.63
023760,한국캐피탈,224082798960.0,1413.4,1412.55,1387.23,1427.0,1420.0,58.6,48082.0,bearish,0.42
0030R0,대신밸류리츠,223876100000.0,3735.0,3832.75,3830.08,4000.0,3745.0,44.1,15179.0,bearish,0.0
017860,DS단석,223671542780.0,12252.0,12045.5,11766.17,12670.0,12670.0,58.73,57914.0,bullish,4.62
000540,흥국화재,223564404600.0,3472.0,3615.5,3377.83,3960.0,3480.0,47.03,57285.0,bearish,-0.85
001460,BYC,223299862500.0,35610.0,37057.5,35656.67,38450.0,35750.0,43.62,2173.0,bearish,-1.24
134380,미원화학,223225702000.0,10082.0,10220.5,10280.67,10440.0,10150.0,44.85,5294.0,bearish,-2.78
094480,갤럭시아머니트리,223217778220.0,5642.0,5683.5,5313.5,6120.0,5690.0,52.05,440111.0,bearish,3.64
001250,GS글로벌,221603156340.0,2599.0,2625.0,2652.17,2700.0,2685.0,55.18,265770.0,golden_cross,4.47
028100,동아지질,221187926070.0,19510.0,18522.0,17386.0,19940.0,19710.0,66.4,27960.0,bullish,-1.15
009680,모토닉,220373573160.0,10158.0,10289.5,10091.17,10420.0,10140.0,45.07,10008.0,bearish,-0.88
190510,나무가,220294357880.0,15738.0,15171.5,13877.17,16560.0,15640.0,56.11,80138.0,bearish,-4.63
298830,슈어소프트테크,219179845900.0,4084.0,4257.25,4085.08,4490.0,4100.0,44.75,141739.0,bearish,-1.56
462350,이노스페이스,218536139400.0,6602.0,6137.0,6507.92,6840.0,6450.0,50.74,135946.0,bullish,-1.07
365270,큐라클,218024801280.0,9484.0,9633.5,9849.33,10540.0,9840.0,50.88,54618.0,bullish,7.66
112290,와이씨켐,217983350200.0,10466.0,9969.0,9917.0,10780.0,10780.0,59.91,75202.0,bullish,6.84
000490,대동,217931099400.0,7634.0,7943.5,7390.83,8400.0,7560.0,43.67,126684.0,bearish,-3.32
237880,클리오,217217663060.0,12058.0,12342.5,11674.17,13400.0,12020.0,47.06,52104.0,bearish,-2.59
000050,경방,217128938400.0,7976.0,8130.0,8280.67,8350.0,7920.0,33.9,16518.0,bearish,-2.1
064550,바이오니아,217064547310.0,8422.0,9453.5,7805.5,11000.0,8410.0,45.8,623316.0,bearish,-4.65
034120,SBS,217049484600.0,11796.0,12002.5,11951.5,12340.0,11700.0,36.04,3760.0,bearish,-2.09
475400,씨메스로보틱스,216656504900.0,18318.0,18167.5,18068.67,19730.0,18350.0,49.22,36792.0,bullish,-2.34
241520,DSC인베스트먼트,216258000000.0,8124.0,8037.0,8007.83,8380.0,8130.0,51.06,96120.0,bullish,0.25
018310,삼목에스폼,216090000000.0,14612.0,14275.0,14160.17,14760.0,14700.0,58.53,11188.0,bullish,0.75
003650,미창석유,216067262400.0,125660.0,130175.0,138785.0,137500.0,124200.0,29.76,1603.0,bearish,-2.66
077500,유니퀘스트,216001020000.0,9160.0,7823.0,6586.33,10000.0,10000.0,78.22,180349.0,bullish,20.34
005010,휴스틸,215762208000.0,3935.0,3911.5,3782.5,4085.0,3840.0,47.18,248771.0,bearish,-5.65
003720,삼영,215220000000.0,6424.0,6280.5,6374.83,6600.0,6330.0,46.71,124988.0,bullish,-4.09
067080,대화제약,215208474000.0,11298.0,11064.5,10136.5,11590.0,11560.0,60.45,50470.0,bullish,3.68
0008Z0,에스엔시스,215153659200.0,23240.0,23815.0,22906.17,25050.0,22800.0,44.77,13668.0,bearish,-4.8
005710,대원산업,213801192000.0,10834.0,10678.0,10833.5,11070.0,10670.0,47.24,7308.0,bullish,-3.61
035510,신세계 I&C,213348534000.0,15588.0,15016.5,13547.67,16420.0,15260.0,54.45,182680.0,bearish,-2.62
475560,더본코리아,212633089800.0,14550.0,15072.0,14988.83,16480.0,14340.0,40.36,23223.0,bearish,-2.91
481070,에이유브랜즈,212517607500.0,15476.0,16410.0,16879.33,20550.0,14830.0,38.93,16749.0,bearish,-7.49
114190,강원에너지,212380298940.0,8346.0,8737.5,8619.0,9380.0,8130.0,39.04,63348.0,bearish,-6.01
243840,신흥에스이씨,211299127800.0,5496.0,5688.0,5041.17,6130.0,5480.0,49.06,134480.0,bearish,-4.03
03473K,SK우,211168355000.0,379400.0,394375.0,366673.01,437500.0,373000.0,45.97,812.0,bearish,-1.58
394800,쓰리빌리언,210983526390.0,5824.0,4907.5,5434.75,7280.0,6630.0,65.4,171945.0,bullish,38.99
033920,무학,210900000000.0,7474.0,7644.5,7599.5,7940.0,7400.0,37.61,16886.0,bearish,-2.63
450950,아스테라시스,210714515200.0,5378.0,5233.5,5708.0,5730.0,5600.0,56.74,12629.0,bullish,7.28
307180,아이엘,210419353200.0,5750.0,5617.0,5000.5,5930.0,5700.0,54.43,238717.0,bearish,-3.88
011500,한농화성,209849103640.0,13184.0,13285.0,12821.17,14160.0,13420.0,53.13,36143.0,golden_cross,0.07
025560,미래산업,209729018900.0,6748.0,6278.5,7391.83,7550.0,7550.0,62.61,288568.0,bullish,23.37
092200,디아이씨,209609386910.0,5574.0,5650.0,5211.75,6160.0,5390.0,44.17,195470.0,bearish,-8.8
125020,티씨머티리얼즈,209530529000.0,6128.0,6065.5,5480.58,6540.0,5980.0,50.7,591400.0,bearish,-8.56
0001A0,덕양에너젠,208845488400.0,8404.0,8869.5,8497.58,9910.0,8200.0,41.08,58385.0,bearish,-7.34
000320,노루홀딩스,208671070700.0,15792.0,16509.5,16393.33,17550.0,15700.0,33.37,4546.0,bearish,-1.51
088260,이리츠코크렙,208077123150.0,3285.0,3236.0,3186.92,3330.0,3285.0,58.46,52747.0,bullish,-1.35
290690,아리바이오홀딩스,207780031575.0,3943.0,4051.25,4186.0,4295.0,3915.0,42.17,377898.0,bearish,-2.12
950170,JTC,207285738750.0,4230.0,4314.0,4494.17,4450.0,4250.0,40.95,8707.0,bearish,-0.35
340450,지씨지놈,207180946680.0,7934.0,6476.0,5547.75,8760.0,8760.0,83.33,106792.0,bullish,26.96
380540,옵티코어,206658126350.0,8450.0,8450.0,8450.0,8450.0,8450.0,96.94,0.0,bearish,0.0
206640,바디텍메드,206591695030.0,9414.0,9611.0,10476.83,10130.0,9430.0,38.9,25898.0,bullish,0.96
078150,HB테크놀러지,206454910650.0,2071.0,1998.0,1958.03,2175.0,2175.0,63.09,775593.0,bullish,6.36
176750,듀켐바이오,206258332800.0,6460.0,6198.0,6224.0,7240.0,7240.0,69.97,22260.0,bullish,19.28
126730,코칩,206097961000.0,22980.0,21583.5,17387.5,24550.0,23500.0,61.96,510137.0,bearish,-1.47
003555,LG우,205363771800.0,67880.0,68697.3,66397.18,71094.42,68200.0,51.17,5957.0,bearish,2.1
099430,바이오플러스,204647197040.0,3307.0,3312.75,3548.58,3450.0,3320.0,44.71,115352.0,bullish,-0.9
035150,백산,204630667650.0,10412.0,10572.28,10160.76,10830.0,10350.0,45.66,9358.0,bearish,-2.36
045390,대아티아이,204372793300.0,3145.0,3369.0,2903.75,3795.0,2900.0,38.87,957844.0,bearish,-11.18
036190,금화피에스시,204000000000.0,34070.0,34230.0,33100.83,34900.0,34000.0,50.21,3343.0,bearish,-0.29
000650,천일고속,203806772000.0,143720.0,144120.0,149823.33,153300.0,142600.0,43.29,994.0,bullish,-0.7
298000,효성화학,203620250700.0,52320.0,55025.0,61091.67,58000.0,53700.0,39.89,20314.0,bearish,1.32
462860,더즌,203462572005.0,2996.0,3057.0,2401.97,3375.0,2835.0,49.79,2808148.0,bearish,8.21
004980,성신양회,203238245170.0,8222.0,8310.0,8228.17,8680.0,8290.0,51.48,53812.0,bearish,0.0
053030,바이넥스,202968807480.0,6158.0,6502.0,6748.83,7140.0,6210.0,42.43,49222.0,bearish,3.67
459510,나우로보틱스,202462759200.0,15812.0,15394.0,14881.17,17820.0,15600.0,49.97,32696.0,bullish,-2.5
353810,이지바이오,202461350400.0,6202.0,6241.5,6236.17,6830.0,6120.0,44.49,72606.0,bearish,-2.86
058970,엠로,201760798080.0,16402.0,16085.0,15613.0,16630.0,16320.0,51.8,23926.0,bullish,-0.85
000480,CR홀딩스,200925749650.0,4288.0,4418.75,4574.95,4560.0,4285.0,28.03,24090.0,bearish,0.23
095500,미래나노텍,200634693530.0,6484.0,6704.5,6959.17,7210.0,6470.0,40.67,57373.0,bearish,-2.56
382900,범한퓨얼셀,200626900000.0,23760.0,21978.5,18502.5,25700.0,22900.0,56.3,114930.0,bearish,-10.02
053300,한국정보인증,200199638760.0,5084.0,5105.0,4648.25,5500.0,5060.0,52.06,120187.0,bearish,-2.69
