code,snapshot_date,market,name,market_cap,volume,yf_ticker
005930,2026-10-08,KOSPI,삼성전자,1531724995296000.0,21259056,005930.KS
000660,2026-10-08,KOSPI,SK하이닉스,1227957665565000.0,3203231,000660.KS
005935,2026-10-08,KOSPI,삼성전자우,155660013382000.0,2240206,005935.KS
402340,2026-10-08,KOSPI,SK스퀘어,138520197900000.0,985409,402340.KS
009150,2026-10-08,KOSPI,삼성전기,115476454016000.0,554370,009150.KS
373220,2026-10-08,KOSPI,LG에너지솔루션,93834000000000.0,919337,373220.KS
005380,2026-10-08,KOSPI,현대차,66024876654000.0,685775,005380.KS
105560,2026-10-08,KOSPI,KB금융,57743163095200.0,810487,105560.KS
207940,2026-10-08,KOSPI,삼성바이오로직스,56428669269000.0,81929,207940.KS
032830,2026-10-08,KOSPI,삼성생명,53800000000000.0,335818,032830.KS
028260,2026-10-08,KOSPI,삼성물산,51488206967500.0,544311,028260.KS
034020,2026-10-08,KOSPI,두산에너빌리티,49963769388000.0,4584327,034020.KS
055550,2026-10-08,KOSPI,신한지주,46710298780500.0,1230949,055550.KS
012450,2026-10-08,KOSPI,한화에어로스페이스,45942990291000.0,333333,012450.KS
006400,2026-10-08,KOSPI,삼성SDI,45853166570000.0,687104,006400.KS
068270,2026-10-08,KOSPI,셀트리온,41778044809600.0,461849,068270.KS
000270,2026-10-08,KOSPI,기아,41696108186400.0,1298243,000270.KS
329180,2026-10-08,KOSPI,HD현대중공업,40305110400000.0,350061,329180.KS
034730,2026-10-08,KOSPI,SK,40239000165000.0,198237,034730.KS
086790,2026-10-08,KOSPI,하나금융지주,33681559813000.0,791624,086790.KS
066570,2026-10-08,KOSPI,LG전자,32658369919000.0,1037049,066570.KS
012330,2026-10-08,KOSPI,현대모비스,32245590015000.0,467512,012330.KS
010120,2026-10-08,KOSPI,LS ELECTRIC,29325000000000.0,714853,010120.KS
035420,2026-10-08,KOSPI,NAVER,27954945022200.0,926786,035420.KS
000810,2026-10-08,KOSPI,삼성화재,27324253476000.0,119365,000810.KS
096770,2026-10-08,KOSPI,SK이노베이션,27200593589200.0,1167939,096770.KS
042700,2026-10-08,KOSPI,한미반도체,25448357400000.0,1038513,042700.KS
005490,2026-10-08,KOSPI,POSCO홀딩스,24287528025500.0,387135,005490.KS
316140,2026-10-08,KOSPI,우리금융지주,23835045118950.0,2908843,316140.KS
298040,2026-10-08,KOSPI,효성중공업,23255422712000.0,64424,298040.KS
042660,2026-10-08,KOSPI,한화오션,22061764368000.0,919018,042660.KS
267260,2026-10-08,KOSPI,HD현대일렉트릭,21844563810000.0,163456,267260.KS
000150,2026-10-08,KOSPI,두산,21732126570000.0,85424,000150.KS
010130,2026-10-08,KOSPI,고려아연,21561776977000.0,20708,010130.KS
138040,2026-10-08,KOSPI,메리츠금융지주,21303307852900.0,181720,138040.KS
009540,2026-10-08,KOSPI,HD한국조선해양,20630363314000.0,347559,009540.KS
051910,2026-10-08,KOSPI,LG화학,20224705696500.0,537833,051910.KS
011200,2026-10-08,KOSPI,HMM,19619349776000.0,1191106,011200.KS
010950,2026-10-08,KOSPI,S-Oil,18992717010400.0,294866,010950.KS
015760,2026-10-08,KOSPI,한국전력,18681154640700.0,1552044,015760.KS
033780,2026-10-08,KOSPI,KT&G,18415974894400.0,209873,033780.KS
017670,2026-10-08,KOSPI,SK텔레콤,18063843457300.0,677027,017670.KS
003670,2026-10-08,KOSPI,포스코퓨처엠,17175515082000.0,525023,003670.KS
010140,2026-10-08,KOSPI,삼성중공업,16596800000000.0,3692865,010140.KS
003550,2026-10-08,KOSPI,LG,16343855632400.0,266218,003550.KS
006800,2026-10-08,KOSPI,미래에셋증권,16209178372350.0,1581122,006800.KS
024110,2026-10-08,KOSPI,기업은행,15749160912750.0,1206565,024110.KS
018260,2026-10-08,KOSPI,삼성에스디에스,15111884340000.0,265849,018260.KS
272210,2026-10-08,KOSPI,한화시스템,14471225197400.0,1252210,272210.KS
035720,2026-10-08,KOSPI,카카오,14308916473000.0,1712465,035720.KS
267250,2026-10-08,KOSPI,HD현대,14179258757500.0,328093,267250.KS
278470,2026-10-08,KOSPI,에이피알,13908274582500.0,267711,278470.KS
086280,2026-10-08,KOSPI,현대글로비스,13717500000000.0,220030,086280.KS
079550,2026-10-08,KOSPI,LIG디펜스앤에어로스페이스,13552000000000.0,249493,079550.KS
011070,2026-10-08,KOSPI,LG이노텍,13537585204000.0,217666,011070.KS
030200,2026-10-08,KOSPI,KT,13130329788500.0,565680,030200.KS
005830,2026-10-08,KOSPI,DB손해보험,12222365123400.0,220819,005830.KS
000720,2026-10-08,KOSPI,현대건설,12004151467000.0,1046277,000720.KS
047810,2026-10-08,KOSPI,한국항공우주,11833477989800.0,386250,047810.KS
064350,2026-10-08,KOSPI,현대로템,11481769223600.0,650118,064350.KS
003490,2026-10-08,KOSPI,대한항공,11304372696300.0,2791673,003490.KS
047050,2026-10-08,KOSPI,포스코인터내셔널,10045191194800.0,537221,047050.KS
307950,2026-10-08,KOSPI,현대오토에버,9886345511000.0,74438,307950.KS
443060,2026-10-08,KOSPI,HD현대마린솔루션,9840944470000.0,108338,443060.KS
078930,2026-10-08,KOSPI,GS,9661131480000.0,436965,078930.KS
028050,2026-10-08,KOSPI,삼성E&A,9457000000000.0,1427224,028050.KS
071050,2026-10-08,KOSPI,한국금융지주,9395402251200.0,229129,071050.KS
323410,2026-10-08,KOSPI,카카오뱅크,9289534908390.0,854530,323410.KS
007660,2026-10-08,KOSPI,이수페타시스,9212856984500.0,1660017,007660.KS
005940,2026-10-08,KOSPI,NH투자증권,9156311404000.0,1051092,005940.KS
003230,2026-10-08,KOSPI,삼양식품,8828693580000.0,30668,003230.KS
000500,2026-10-08,KOSPI,가온전선,8799282868500.0,130739,000500.KS
180640,2026-10-08,KOSPI,한진칼,8699124432500.0,67504,180640.KS
259960,2026-10-08,KOSPI,크래프톤,8581735537200.0,176473,259960.KS
0126Z0,2026-10-08,KOSPI,삼성에피스홀딩스,8472678184500.0,46108,0126Z0.KS
006260,2026-10-08,KOSPI,LS,8346000000000.0,198696,006260.KS
277810,2026-10-08,KOSDAQ,레인보우로보틱스,8322539082000.0,65203,277810.KQ
009830,2026-10-08,KOSPI,한화솔루션,8096131296000.0,2400744,009830.KS
090430,2026-10-08,KOSPI,아모레퍼시픽,7949165948100.0,199873,090430.KS
353200,2026-10-08,KOSPI,대덕전자,7793049072500.0,1358366,353200.KS
161390,2026-10-08,KOSPI,한국타이어앤테크놀로지,7692641784900.0,342879,161390.KS
016360,2026-10-08,KOSPI,삼성증권,7653010000000.0,384677,016360.KS
021240,2026-10-08,KOSPI,코웨이,7175816996400.0,159119,021240.KS
352820,2026-10-08,KOSPI,하이브,7065210420400.0,215767,352820.KS
047040,2026-10-08,KOSPI,대우건설,6849830325460.0,3711700,047040.KS
062040,2026-10-08,KOSPI,산일전기,6818034125000.0,290318,062040.KS
064400,2026-10-08,KOSPI,LG씨엔에스,6539801490000.0,733473,064400.KS
039030,2026-10-08,KOSDAQ,이오테크닉스,6455444200000.0,197294,039030.KQ
039490,2026-10-08,KOSPI,키움증권,6373480788000.0,123098,039490.KS
128940,2026-10-08,KOSPI,한미약품,6155681175500.0,274223,128940.KS
032640,2026-10-08,KOSPI,LG유플러스,6111759340800.0,665940,032640.KS
028300,2026-10-08,KOSDAQ,HLB,6080498879950.0,925840,028300.KQ
000990,2026-10-08,KOSPI,DB하이텍,6038436814400.0,789585,000990.KS
000880,2026-10-08,KOSPI,한화,5871511559700.0,138582,000880.KS
005387,2026-10-08,KOSPI,현대차2우B,5823697990000.0,113671,005387.KS
000250,2026-10-08,KOSDAQ,삼천당제약,5711894432000.0,284015,000250.KQ
326030,2026-10-08,KOSPI,SK바이오팜,5693373275000.0,155627,326030.KS
001440,2026-10-08,KOSPI,대한전선,5507391947600.0,2900455,001440.KS
000100,2026-10-08,KOSPI,유한양행,5381313591100.0,233732,000100.KS
011790,2026-10-08,KOSPI,SKC,5356616184000.0,279216,011790.KS
377300,2026-10-08,KOSPI,카카오페이,5202308915900.0,289276,377300.KS
175330,2026-10-08,KOSPI,JB금융지주,5194632798400.0,597565,175330.KS
241560,2026-10-08,KOSPI,두산밥캣,5099542658000.0,179827,241560.KS
267270,2026-10-08,KOSPI,HD건설기계,5091719779200.0,536100,267270.KS
036570,2026-10-08,KOSPI,NC,4782772884000.0,204537,036570.KS
029780,2026-10-08,KOSPI,삼성카드,4773386309200.0,70238,029780.KS
066970,2026-10-08,KOSPI,엘앤에프,4727734580800.0,416508,066970.KS
052690,2026-10-08,KOSPI,한전기술,4701060000000.0,583486,052690.KS
138930,2026-10-08,KOSPI,BNK금융지주,4697716587810.0,934194,138930.KS
088980,2026-10-08,KOSPI,맥쿼리인프라,4669489431750.0,514740,088980.KS
031980,2026-10-08,KOSDAQ,피에스케이홀딩스,4517321752500.0,217742,031980.KQ
088350,2026-10-08,KOSPI,한화생명,4498985400000.0,2379529,088350.KS
454910,2026-10-08,KOSPI,두산로보틱스,4472578620000.0,375549,454910.KS
010060,2026-10-08,KOSPI,OCI홀딩스,4368834288000.0,177488,010060.KS
108490,2026-10-08,KOSDAQ,로보티즈,4363440830000.0,258485,108490.KQ
095340,2026-10-08,KOSDAQ,ISC,4226693365200.0,203931,095340.KQ
319660,2026-10-08,KOSDAQ,피에스케이,4203070201400.0,435670,319660.KQ
440110,2026-10-08,KOSDAQ,파두,4149193035600.0,355042,440110.KQ
018880,2026-10-08,KOSPI,한온시스템,4120399138130.0,13925944,018880.KS
271560,2026-10-08,KOSPI,오리온,4118899709600.0,79962,271560.KS
034220,2026-10-08,KOSPI,LG디스플레이,4080000000000.0,3104575,034220.KS
051900,2026-10-08,KOSPI,LG생활건강,4035903448500.0,60249,051900.KS
001450,2026-10-08,KOSPI,현대해상,4019454987500.0,260752,001450.KS
084370,2026-10-08,KOSDAQ,유진테크,3969058474400.0,194139,084370.KQ
002380,2026-10-08,KOSPI,KCC,3957028608000.0,20568,002380.KS
103590,2026-10-08,KOSPI,일진전기,3881590746000.0,698389,103590.KS
005385,2026-10-08,KOSPI,현대차우,3864365060400.0,76667,005385.KS
001040,2026-10-08,KOSPI,CJ,3804680539200.0,83886,001040.KS
004020,2026-10-08,KOSPI,현대제철,3763171137000.0,515688,004020.KS
008930,2026-10-08,KOSPI,한미사이언스,3754696095000.0,1181941,008930.KS
192820,2026-10-08,KOSPI,코스맥스,3478624508500.0,150922,192820.KS
131290,2026-10-08,KOSDAQ,티에스이,3440104419000.0,71251,131290.KQ
082740,2026-10-08,KOSPI,한화엔진,3425505179100.0,1568867,082740.KS
067310,2026-10-08,KOSDAQ,하나마이크론,3404332492800.0,1392733,067310.KQ
036460,2026-10-08,KOSPI,한국가스공사,3332499300000.0,154569,036460.KS
161890,2026-10-08,KOSPI,한국콜마,3236256056700.0,409373,161890.KS
028670,2026-10-08,KOSPI,팬오션,3223454157360.0,1841021,028670.KS
022100,2026-10-08,KOSPI,포스코DX,3207932781900.0,249834,022100.KS
012750,2026-10-08,KOSPI,에스원,3199530787600.0,60770,012750.KS
111770,2026-10-08,KOSPI,영원무역,3119527347200.0,85846,111770.KS
035250,2026-10-08,KOSPI,강원랜드,3035815695000.0,316357,035250.KS
080220,2026-10-08,KOSDAQ,제주반도체,2975860771200.0,1220842,080220.KQ
031210,2026-10-08,KOSPI,서울보증보험,2953453595400.0,43614,031210.KS
014680,2026-10-08,KOSPI,한솔케미칼,2925183756000.0,54344,014680.KS
020150,2026-10-08,KOSPI,롯데에너지머티리얼즈,2890573557600.0,615265,020150.KS
011780,2026-10-08,KOSPI,금호석유화학,2885545177500.0,44572,011780.KS
004170,2026-10-08,KOSPI,신세계,2885502795500.0,65272,004170.KS
302440,2026-10-08,KOSPI,SK바이오사이언스,2883278322750.0,87838,302440.KS
007340,2026-10-08,KOSPI,DN오토모티브,2878734558000.0,107051,007340.KS
336260,2026-10-08,KOSPI,두산퓨얼셀,2865350512500.0,397205,336260.KS
383220,2026-10-08,KOSPI,F&F,2830892842500.0,62187,383220.KS
251270,2026-10-08,KOSPI,넷마블,2798281001250.0,166708,251270.KS
139130,2026-10-08,KOSPI,iM금융지주,2782445078560.0,570231,139130.KS
023530,2026-10-08,KOSPI,롯데쇼핑,2766640239000.0,67836,023530.KS
097950,2026-10-08,KOSPI,CJ제일제당,2765453968200.0,69982,097950.KS
085620,2026-10-08,KOSPI,미래에셋생명,2757672000000.0,264644,085620.KS
006360,2026-10-08,KOSPI,GS건설,2747165829000.0,823670,006360.KS
017800,2026-10-08,KOSPI,현대엘리베이터,2732557711500.0,140631,017800.KS
450080,2026-10-08,KOSPI,에코프로머티,2666142205500.0,455384,450080.KS
010170,2026-10-08,KOSDAQ,대한광통신,2638591650200.0,6500744,010170.KQ
178320,2026-10-08,KOSDAQ,서진시스템,2631780095700.0,795764,178320.KQ
026960,2026-10-08,KOSPI,동서,2622110000000.0,42842,026960.KS
005290,2026-10-08,KOSDAQ,동진쎄미켐,2609670451200.0,435326,005290.KQ
375500,2026-10-08,KOSPI,DL이앤씨,2607950190200.0,457273,375500.KS
310210,2026-10-08,KOSDAQ,보로노이,2576532319200.0,81879,310210.KQ
003690,2026-10-08,KOSPI,코리안리,2569523790740.0,241198,003690.KS
098460,2026-10-08,KOSDAQ,고영,2557657987500.0,4182133,098460.KQ
011170,2026-10-08,KOSPI,롯데케미칼,2549414972400.0,104031,011170.KS
000240,2026-10-08,KOSPI,한국앤컴퍼니,2534770908000.0,127037,000240.KS
018670,2026-10-08,KOSPI,SK가스,2521234368000.0,17624,018670.KS
004800,2026-10-08,KOSPI,효성,2479254276700.0,10830,004800.KS
489790,2026-10-08,KOSPI,한화비전,2476455529500.0,119988,489790.KS
281820,2026-10-08,KOSPI,케이씨텍,2455033964000.0,313060,281820.KS
043260,2026-10-08,KOSDAQ,성호전자,2444639875200.0,2685810,043260.KQ
457190,2026-10-08,KOSPI,이수스페셜티케미컬,2438662970400.0,216313,457190.KS
004370,2026-10-08,KOSPI,농심,2417850195000.0,17322,004370.KS
005440,2026-10-08,KOSPI,현대지에프홀딩스,2356654007150.0,762684,005440.KS
112610,2026-10-08,KOSPI,씨에스윈드,2348947147100.0,320301,112610.KS
005850,2026-10-08,KOSPI,에스엘,2336360556000.0,66602,005850.KS
257720,2026-10-08,KOSDAQ,실리콘투,2324678133400.0,740535,257720.KQ
009420,2026-10-08,KOSPI,한올바이오파마,2298588072000.0,203874,009420.KS
145020,2026-10-08,KOSDAQ,휴젤,2287773624400.0,54306,145020.KQ
004990,2026-10-08,KOSPI,롯데지주,2282300470400.0,110450,004990.KS
319400,2026-10-08,KOSDAQ,현대무벡스,2277639997550.0,1787346,319400.KQ
009970,2026-10-08,KOSPI,영원무역홀딩스,2259145684800.0,12554,009970.KS
214370,2026-10-08,KOSDAQ,케어젠,2245287000000.0,88633,214370.KQ
229640,2026-10-08,KOSPI,LS에코에너지,2235616167000.0,425862,229640.KS
001720,2026-10-08,KOSPI,신영증권,2232552000000.0,7203,001720.KS
030530,2026-10-08,KOSDAQ,원익홀딩스,2193558660400.0,689160,030530.KQ
483650,2026-10-08,KOSPI,달바글로벌,2192253875000.0,123043,483650.KS
282330,2026-10-08,KOSPI,BGF리테일,2184685718400.0,52170,282330.KS
030000,2026-10-08,KOSPI,제일기획,2165075854500.0,435556,030000.KS
058610,2026-10-08,KOSDAQ,에스피지,2160074864000.0,221256,058610.KQ
279570,2026-10-08,KOSPI,케이뱅크,2146127348790.0,739546,279570.KS
087010,2026-10-08,KOSDAQ,펩트론,2133537525000.0,600660,087010.KQ
140410,2026-10-08,KOSDAQ,메지온,2121677688000.0,65926,140410.KQ
007810,2026-10-08,KOSPI,코리아써키트,2112868822000.0,414375,007810.KS
204320,2026-10-08,KOSPI,HL만도,2087243984000.0,351292,204320.KS
263750,2026-10-08,KOSDAQ,펄어비스,2048711466000.0,181991,263750.KQ
089030,2026-10-08,KOSDAQ,테크윙,2041655839500.0,607816,089030.KQ
081660,2026-10-08,KOSPI,미스토홀딩스,2025453696000.0,131306,081660.KS
032820,2026-10-08,KOSDAQ,우리기술,1997390114720.0,2248703,032820.KQ
002790,2026-10-08,KOSPI,아모레퍼시픽홀딩스,1980266862000.0,76877,002790.KS
347850,2026-10-08,KOSDAQ,디앤디파마텍,1970936698650.0,610181,347850.KQ
051600,2026-10-08,KOSPI,한전KPS,1959750000000.0,114431,051600.KS
073240,2026-10-08,KOSPI,금호타이어,1947624745860.0,1213954,073240.KS
139480,2026-10-08,KOSPI,이마트,1931707330000.0,118544,139480.KS
323280,2026-10-08,KOSDAQ,태성,1914731346000.0,446385,323280.KQ
036540,2026-10-08,KOSDAQ,SFA반도체,1904450308740.0,5204213,036540.KQ
089860,2026-10-08,KOSPI,롯데렌탈,1866302543200.0,50698,089860.KS
069960,2026-10-08,KOSPI,현대백화점,1865364888000.0,60979,069960.KS
103140,2026-10-08,KOSPI,풍산,1838392636800.0,207395,103140.KS
181710,2026-10-08,KOSPI,NHN,1813654936500.0,70336,181710.KS
007070,2026-10-08,KOSPI,GS리테일,1810100534750.0,94447,007070.KS
462870,2026-10-08,KOSPI,시프트업,1806313117500.0,41754,462870.KS
078600,2026-10-08,KOSDAQ,대주전자재료,1799694214800.0,331824,078600.KQ
089970,2026-10-08,KOSDAQ,브이엠,1781911961500.0,550266,089970.KQ
420770,2026-10-08,KOSDAQ,기가비스,1742916725000.0,64147,420770.KQ
000155,2026-10-08,KOSPI,두산우,1726471584000.0,7953,000155.KS
068760,2026-10-08,KOSDAQ,셀트리온제약,1722810481600.0,52164,068760.KQ
183300,2026-10-08,KOSDAQ,코미코,1718101548750.0,286402,183300.KQ
439260,2026-10-08,KOSPI,대한조선,1717801723000.0,61379,439260.KS
020560,2026-10-08,KOSPI,아시아나항공,1691183737310.0,178426,020560.KS
001120,2026-10-08,KOSPI,LX인터내셔널,1680246000000.0,97480,001120.KS
001430,2026-10-08,KOSPI,세아베스틸지주,1678347169200.0,204656,001430.KS
060370,2026-10-08,KOSDAQ,LS마린솔루션,1666419442600.0,161074,060370.KQ
120110,2026-10-08,KOSPI,코오롱인더,1659010172800.0,210319,120110.KS
083650,2026-10-08,KOSDAQ,비에이치아이,1658618500000.0,350686,083650.KQ
322000,2026-10-08,KOSPI,HD현대에너지솔루션,1649760000000.0,197036,322000.KS
001820,2026-10-08,KOSPI,삼화콘덴서,1645528500000.0,402256,001820.KS
093370,2026-10-08,KOSPI,후성,1613120163200.0,2273405,093370.KS
395400,2026-10-08,KOSPI,SK리츠,1592383209800.0,166056,395400.KS
007390,2026-10-08,KOSDAQ,네이처셀,1581880624800.0,185294,007390.KQ
000120,2026-10-08,KOSPI,CJ대한통운,1580895439200.0,46170,000120.KS
0009K0,2026-10-08,KOSDAQ,에임드바이오,1579588279250.0,116369,0009K0.KQ
023590,2026-10-08,KOSPI,다우기술,1577822522400.0,43964,023590.KS
475150,2026-10-08,KOSPI,SK이터닉스,1567082184000.0,1080862,475150.KS
218410,2026-10-08,KOSDAQ,RFHIC,1554663357000.0,288276,218410.KQ
006040,2026-10-08,KOSPI,동원산업,1538307542150.0,32773,006040.KS
005070,2026-10-08,KOSPI,코스모신소재,1536173908750.0,142400,005070.KS
437730,2026-10-08,KOSDAQ,삼현,1525133972700.0,280841,437730.KQ
361610,2026-10-08,KOSPI,SK아이이테크놀로지,1521240060000.0,491000,361610.KS
290650,2026-10-08,KOSDAQ,엘앤씨바이오,1521091305600.0,364056,290650.KQ
008770,2026-10-08,KOSPI,호텔신라,1518902282700.0,151640,008770.KS
204270,2026-10-08,KOSDAQ,제이앤티씨,1518522232500.0,2421704,204270.KQ
006280,2026-10-08,KOSPI,녹십자,1512238017200.0,30053,006280.KS
009155,2026-10-08,KOSPI,삼성전기우,1497096760000.0,6431,009155.KS
071970,2026-10-08,KOSPI,HD현대마린엔진,1451839986000.0,267121,071970.KS
294870,2026-10-08,KOSPI,IPARK현대산업개발,1443370527000.0,74835,294870.KS
039200,2026-10-08,KOSDAQ,오스코텍,1442333235200.0,120779,039200.KQ
232140,2026-10-08,KOSDAQ,와이씨,1405436845500.0,1717815,232140.KQ
011210,2026-10-08,KOSPI,현대위아,1381510216400.0,60179,011210.KS
012630,2026-10-08,KOSPI,HDC,1371072496950.0,59860,012630.KS
950160,2026-10-08,KOSDAQ,코오롱티슈진,1362071664800.0,433439,950160.KQ
001800,2026-10-08,KOSPI,오리온홀딩스,1359540335200.0,65265,001800.KS
347700,2026-10-08,KOSDAQ,스피어,1299094322400.0,1767686,347700.KQ
097230,2026-10-08,KOSPI,HJ중공업,1289417512320.0,229526,097230.KS
356860,2026-10-08,KOSDAQ,티엘비,1275127788000.0,790576,356860.KQ
166090,2026-10-08,KOSDAQ,하나머티리얼즈,1269726670800.0,205807,166090.KQ
007310,2026-10-08,KOSPI,오뚜기,1258458620000.0,9192,007310.KS
069620,2026-10-08,KOSPI,대웅제약,1257143387500.0,26034,069620.KS
950260,2026-10-08,KOSDAQ,인제니아테라퓨틱스(Reg.S),1253420787450.0,653039,950260.KQ
066575,2026-10-08,KOSPI,LG전자우,1237053528000.0,52798,066575.KS
00680K,2026-10-08,KOSPI,미래에셋증권2우B,1234530155000.0,178625,00680K.KS
006120,2026-10-08,KOSPI,SK디스커버리,1232893570800.0,34616,006120.KS
415640,2026-10-08,KOSPI,KB발해인프라,1230357301920.0,66057,415640.KS
001740,2026-10-08,KOSPI,SK네트웍스,1223622722900.0,821765,001740.KS
192080,2026-10-08,KOSPI,더블유게임즈,1221709103600.0,60395,192080.KS
330590,2026-10-08,KOSPI,롯데리츠,1200665713020.0,90639,330590.KS
298020,2026-10-08,KOSPI,효성티앤씨,1198767914000.0,15113,298020.KS
300720,2026-10-08,KOSPI,한일시멘트,1197316002520.0,63989,300720.KS
003160,2026-10-08,KOSPI,디아이,1192845000000.0,936687,003160.KS
003540,2026-10-08,KOSPI,대신증권,1174970005900.0,80688,003540.KS
000815,2026-10-08,KOSPI,삼성화재우,1160709720000.0,9102,000815.KS
006110,2026-10-08,KOSPI,삼아알미늄,1131234434000.0,585613,006110.KS
280360,2026-10-08,KOSPI,롯데웰푸드,1129401229800.0,21901,280360.KS
195870,2026-10-08,KOSPI,해성디에스,1122000000000.0,139824,195870.KS
417200,2026-10-08,KOSDAQ,LS머트리얼즈,1112886240550.0,2677916,417200.KQ
252990,2026-10-08,KOSDAQ,샘씨엔에스,1100180832030.0,466569,252990.KQ
030610,2026-10-08,KOSPI,교보증권,1094044425600.0,22366,030610.KS
004000,2026-10-08,KOSPI,롯데정밀화학,1086180000000.0,52745,004000.KS
127120,2026-10-08,KOSDAQ,제이에스링크,1072172513750.0,189369,127120.KQ
083450,2026-10-08,KOSDAQ,GST,1063411000000.0,232864,083450.KQ
000080,2026-10-08,KOSPI,하이트진로,1038678778910.0,67458,000080.KS
000210,2026-10-08,KOSPI,DL,1015312579800.0,39924,000210.KS
003240,2026-10-08,KOSPI,태광산업,1013194000000.0,1048,003240.KS
033790,2026-10-08,KOSDAQ,피노,996029995740.0,6705526,033790.KQ
458870,2026-10-08,KOSDAQ,씨어스,991227607700.0,139851,458870.KQ
017960,2026-10-08,KOSPI,한국카본,989604706900.0,239708,017960.KS
006340,2026-10-08,KOSPI,대원전선,985669209120.0,1174322,006340.KS
161580,2026-10-08,KOSDAQ,필옵틱스,982230149300.0,315931,161580.KQ
192400,2026-10-08,KOSPI,쿠쿠홀딩스,981516306000.0,27063,192400.KS
451800,2026-10-08,KOSPI,한화리츠,980616000000.0,64378,451800.KS
030190,2026-10-08,KOSPI,NICE평가정보,978332161390.0,30497,030190.KS
009240,2026-10-08,KOSPI,한샘,966067744400.0,37993,009240.KS
327260,2026-10-08,KOSDAQ,RF머트리얼즈,956930105600.0,561949,327260.KQ
160190,2026-10-08,KOSDAQ,하이젠알앤엠,955983600000.0,431714,160190.KQ
051915,2026-10-08,KOSPI,LG화학우,954966943700.0,43717,051915.KS
003570,2026-10-08,KOSPI,SNT다이내믹스,954352403900.0,115963,003570.KS
491000,2026-10-08,KOSDAQ,리브스메드,947072662500.0,117983,491000.KQ
003530,2026-10-08,KOSPI,한화투자증권,940791993375.0,645176,003530.KS
295310,2026-10-08,KOSDAQ,에이치브이엠,931038301200.0,207864,295310.KQ
445680,2026-10-08,KOSDAQ,큐리옥스바이오시스템즈,921521396500.0,143225,445680.KQ
388210,2026-10-08,KOSDAQ,씨엠티엑스,919102497600.0,122144,388210.KQ
003090,2026-10-08,KOSPI,대웅,912247666200.0,62741,003090.KS
185750,2026-10-08,KOSPI,종근당,909603202000.0,17114,185750.KS
100790,2026-10-08,KOSDAQ,미래에셋벤처투자,909424295360.0,414001,100790.KQ
034230,2026-10-08,KOSPI,파라다이스,907767943600.0,454569,034230.KS
285130,2026-10-08,KOSPI,SK케미칼,892616325600.0,61943,285130.KS
009450,2026-10-08,KOSPI,경동나비엔,891597830400.0,13029,009450.KS
071320,2026-10-08,KOSPI,지역난방공사,891563288000.0,14588,071320.KS
065350,2026-10-08,KOSDAQ,신성델타테크,889105717800.0,71356,065350.KQ
032350,2026-10-08,KOSPI,롯데관광개발,886547092960.0,261912,032350.KS
005300,2026-10-08,KOSPI,롯데칠성,884277645200.0,12239,005300.KS
004490,2026-10-08,KOSPI,세방전지,870408000000.0,81925,004490.KS
031330,2026-10-08,KOSDAQ,에스에이엠티,856957724190.0,272312,031330.KQ
074600,2026-10-08,KOSDAQ,원익QnC,854360000000.0,260540,074600.KQ
041960,2026-10-08,KOSDAQ,코미팜,847662763360.0,341066,041960.KQ
328130,2026-10-08,KOSDAQ,루닛,846589506600.0,995250,328130.KQ
281740,2026-10-08,KOSDAQ,레이크머티리얼즈,842665625360.0,513591,281740.KQ
000370,2026-10-08,KOSPI,한화손해보험,840520188000.0,239826,000370.KS
115180,2026-10-08,KOSDAQ,큐리언트,838888274850.0,203122,115180.KQ
053800,2026-10-08,KOSDAQ,안랩,837825901800.0,157946,053800.KQ
032500,2026-10-08,KOSDAQ,케이엠더블유,836239513820.0,128397,032500.KQ
079160,2026-10-08,KOSPI,CJ CGV,832881468910.0,126215,079160.KS
059090,2026-10-08,KOSDAQ,미코,828736094400.0,850138,059090.KQ
077970,2026-10-08,KOSPI,STX엔진,827050097800.0,202524,077970.KS
248070,2026-10-08,KOSPI,솔루엠,822439259200.0,251243,248070.KS
388720,2026-10-08,KOSDAQ,유일로보틱스,818803477500.0,26362,388720.KQ
003470,2026-10-08,KOSPI,유안타증권,813110030440.0,196902,003470.KS
071055,2026-10-08,KOSPI,한국금융지주우,801408736800.0,15416,071055.KS
425420,2026-10-08,KOSDAQ,티에프이,796393174500.0,140205,425420.KQ
119850,2026-10-08,KOSDAQ,지엔씨에너지,794482304700.0,488117,119850.KQ
064290,2026-10-08,KOSDAQ,인텍플러스,787701706800.0,209929,064290.KQ
121600,2026-10-08,KOSDAQ,나노신소재,778649128500.0,84166,121600.KQ
005180,2026-10-08,KOSPI,빙그레,777194307900.0,16826,005180.KS
137310,2026-10-08,KOSPI,에스디바이오센서,774001743820.0,177932,137310.KS
005690,2026-10-08,KOSPI,파미셀,771651620040.0,630462,005690.KS
033640,2026-10-08,KOSDAQ,네패스,767871426600.0,399805,033640.KQ
085660,2026-10-08,KOSDAQ,차바이오텍,762377337200.0,166335,085660.KQ
365550,2026-10-08,KOSPI,ESR켄달스퀘어리츠,761645455000.0,123143,365550.KS
171090,2026-10-08,KOSDAQ,선익시스템,759571950000.0,60318,171090.KQ
490470,2026-10-08,KOSDAQ,세미파이브,758767312000.0,1101562,490470.KQ
100090,2026-10-08,KOSPI,SK오션플랜트,755985360900.0,375060,100090.KS
000670,2026-10-08,KOSPI,영풍,753917468850.0,47075,000670.KS
099320,2026-10-08,KOSDAQ,쎄트렉아이,751257670800.0,98367,099320.KQ
036530,2026-10-08,KOSPI,SNT홀딩스,750793950300.0,19948,036530.KS
213420,2026-10-08,KOSDAQ,덕산네오룩스,743693811050.0,118352,213420.KQ
003850,2026-10-08,KOSPI,보령,738627852270.0,56355,003850.KS
476830,2026-10-08,KOSDAQ,알지노믹스,737857966800.0,299283,476830.KQ
298050,2026-10-08,KOSPI,HS효성첨단소재,737847435600.0,9348,298050.KS
499790,2026-10-08,KOSPI,GS피앤엘,737707285200.0,31706,499790.KS
036810,2026-10-08,KOSDAQ,에프에스티,732845357650.0,100676,036810.KQ
053610,2026-10-08,KOSDAQ,프로텍,732600000000.0,70788,053610.KQ
090360,2026-10-08,KOSDAQ,로보스타,732225000000.0,100239,090360.KQ
090460,2026-10-08,KOSPI,비에이치,728169220800.0,506153,090460.KS
090710,2026-10-08,KOSDAQ,휴림로봇,728114486610.0,956145,090710.KQ
102710,2026-10-08,KOSDAQ,이엔에프테크놀로지,722964501600.0,108771,102710.KQ
214320,2026-10-08,KOSPI,이노션,719200000000.0,55587,214320.KS
044490,2026-10-08,KOSDAQ,태웅,711262394550.0,95304,044490.KQ
000400,2026-10-08,KOSPI,롯데손해보험,709118491200.0,606008,000400.KS
253590,2026-10-08,KOSDAQ,네오셈,708486998600.0,709689,253590.KQ
032190,2026-10-08,KOSDAQ,다우데이타,706635000000.0,49215,032190.KQ
466100,2026-10-08,KOSDAQ,클로봇,702649875300.0,258422,466100.KQ
002960,2026-10-08,KOSPI,한국쉘석유,702000000000.0,1454,002960.KS
064960,2026-10-08,KOSPI,SNT모티브,699336167200.0,43229,064960.KS
456160,2026-10-08,KOSDAQ,지투지바이오,698435892000.0,205775,456160.KQ
122640,2026-10-08,KOSDAQ,예스티,697172665000.0,209267,122640.KQ
092870,2026-10-08,KOSDAQ,엑시콘,695607480100.0,262307,092870.KQ
094800,2026-10-08,KOSPI,맵스리얼티,693472452570.0,54401,094800.KS
093050,2026-10-08,KOSPI,LF,691526000000.0,33236,093050.KS
041830,2026-10-08,KOSDAQ,인바디,687524982000.0,68465,041830.KQ
189300,2026-10-08,KOSDAQ,인텔리안테크,676462311000.0,102996,189300.KQ
476060,2026-10-08,KOSDAQ,온코닉테라퓨틱스,675214580800.0,177272,476060.KQ
048410,2026-10-08,KOSDAQ,현대바이오,668783613960.0,1092913,048410.KQ
293940,2026-10-08,KOSPI,신한알파리츠,667589478960.0,83282,293940.KS
005090,2026-10-08,KOSPI,SGC에너지,660667918050.0,73085,005090.KS
225570,2026-10-08,KOSDAQ,넥슨게임즈,659260341740.0,242479,225570.KQ
005880,2026-10-08,KOSPI,대한해운,655177100200.0,667802,005880.KS
014820,2026-10-08,KOSPI,동원시스템즈,647955152700.0,35243,014820.KS
268280,2026-10-08,KOSPI,미원에스씨,646000000000.0,3614,268280.KS
069260,2026-10-08,KOSPI,TKG휴켐스,645064118640.0,52911,069260.KS
024850,2026-10-08,KOSDAQ,HLB이노베이션,642788860310.0,436355,024850.KQ
077360,2026-10-08,KOSDAQ,덕산하이메탈,641116098220.0,787443,077360.KQ
093320,2026-10-08,KOSDAQ,케이아이엔엑스,639768000000.0,4388,093320.KQ
456040,2026-10-08,KOSPI,OCI,637417644000.0,24068,456040.KS
001570,2026-10-08,KOSPI,금양,633275240400.0,0,001570.KS
002840,2026-10-08,KOSPI,미원상사,632700000000.0,3895,002840.KS
100840,2026-10-08,KOSPI,SNT에너지,628403234400.0,112238,100840.KS
000640,2026-10-08,KOSPI,동아쏘시오홀딩스,626125011000.0,7552,000640.KS
126340,2026-10-08,KOSDAQ,비나텍,624696018000.0,127202,126340.KQ
004710,2026-10-08,KOSPI,한솔테크닉스,621670019240.0,903851,004710.KS
317450,2026-10-08,KOSPI,명인제약,621230000000.0,7518,317450.KS
017940,2026-10-08,KOSPI,E1,620830000000.0,5091,017940.KS
017900,2026-10-08,KOSPI,광전자,618259951210.0,1740942,017900.KS
453340,2026-10-08,KOSPI,현대그린푸드,617934300610.0,31761,453340.KS
383800,2026-10-08,KOSPI,LX홀딩스,617873589000.0,62660,383800.KS
124500,2026-10-08,KOSDAQ,아이티센글로벌,614919965500.0,272648,124500.KQ
001060,2026-10-08,KOSPI,JW중외제약,613584255500.0,64776,001060.KS
144960,2026-10-08,KOSDAQ,뉴파워프라즈마,611696736000.0,1514328,144960.KQ
001680,2026-10-08,KOSPI,대상,610151720250.0,34835,001680.KS
108320,2026-10-08,KOSPI,LX세미콘,608284820000.0,36924,108320.KS
178920,2026-10-08,KOSPI,PI첨단소재,607882865400.0,71472,178920.KS
336370,2026-10-08,KOSPI,솔루스첨단소재,604527885780.0,233923,336370.KS
219130,2026-10-08,KOSDAQ,타이거일렉,602383266000.0,42317,219130.KQ
050890,2026-10-08,KOSDAQ,쏠리드,599059425240.0,750687,050890.KQ
192650,2026-10-08,KOSPI,드림텍,594299197580.0,373546,192650.KS
078350,2026-10-08,KOSDAQ,한양디지텍,593768678900.0,323356,078350.KQ
080580,2026-10-08,KOSDAQ,오킨스전자,586328549000.0,302713,080580.KQ
006650,2026-10-08,KOSPI,대한유화,583700000000.0,25320,006650.KS
045100,2026-10-08,KOSDAQ,한양이엔지,583625000000.0,58744,045100.KQ
033240,2026-10-08,KOSPI,자화전자,583348554000.0,77765,033240.KS
214430,2026-10-08,KOSDAQ,아이쓰리시스템,576539263500.0,33668,214430.KQ
047920,2026-10-08,KOSDAQ,HLB제약,571964963440.0,6729960,047920.KQ
001530,2026-10-08,KOSPI,DI동일,570715358550.0,95262,001530.KS
399720,2026-10-08,KOSDAQ,가온칩스,568631569800.0,205841,399720.KQ
002350,2026-10-08,KOSPI,넥센타이어,563543650290.0,157149,002350.KS
079900,2026-10-08,KOSPI,전진건설로봇,551598201000.0,28683,079900.KS
067630,2026-10-08,KOSDAQ,HLB생명과학,551065102160.0,663843,067630.KQ
016380,2026-10-08,KOSPI,KG스틸,551049022470.0,194108,016380.KS
284740,2026-10-08,KOSPI,쿠쿠홈시스,549714585000.0,16052,284740.KS
069540,2026-10-08,KOSDAQ,빛과전자,548809538390.0,15676338,069540.KQ
089890,2026-10-08,KOSDAQ,코세스,547303746000.0,204602,089890.KQ
161000,2026-10-08,KOSPI,애경케미칼,547297976250.0,459424,161000.KS
025540,2026-10-08,KOSPI,한국단자,547221500000.0,16337,025540.KS
358570,2026-10-08,KOSDAQ,지아이이노베이션,545805410760.0,318784,358570.KQ
00104K,2026-10-08,KOSPI,CJ4우(전환),540570884800.0,2297,00104K.KS
042000,2026-10-08,KOSDAQ,카페24,536755351800.0,245427,042000.KQ
060250,2026-10-08,KOSDAQ,NHN KCP,535340944630.0,110283,060250.KQ
114090,2026-10-08,KOSPI,GKL,533814432100.0,62693,114090.KS
00088K,2026-10-08,KOSPI,한화3우B,531293390600.0,15442,00088K.KS
101160,2026-10-08,KOSDAQ,월덱스,530828424950.0,30817,101160.KQ
383310,2026-10-08,KOSDAQ,에코프로에이치엔,529617033000.0,93147,383310.KQ
075580,2026-10-08,KOSPI,세진중공업,528699940800.0,139267,075580.KS
112040,2026-10-08,KOSDAQ,위메이드,526201486500.0,202739,112040.KQ
003620,2026-10-08,KOSPI,KG모빌리티,526174771200.0,268066,003620.KS
003300,2026-10-08,KOSPI,한일홀딩스,524134548000.0,4366,003300.KS
007700,2026-10-08,KOSPI,F&F홀딩스,524132517800.0,5533,007700.KS
079940,2026-10-08,KOSDAQ,가비아,522064607600.0,11322,079940.KQ
094170,2026-10-08,KOSDAQ,동운아나텍,521702903200.0,85689,094170.KQ
009410,2026-10-08,KOSPI,태영건설,520708613310.0,121837,009410.KS
104830,2026-10-08,KOSDAQ,원익머트리얼즈,516928000000.0,68464,104830.KQ
008060,2026-10-08,KOSPI,대덕,516237117000.0,58468,008060.KS
0220W0,2026-10-08,KOSPI,한화머시너리앤서비스홀딩스,513854452800.0,3809077,0220W0.KS
052020,2026-10-08,KOSDAQ,에스티큐브,513273847050.0,115659,052020.KQ
019170,2026-10-08,KOSPI,신풍제약,512653145160.0,858230,019170.KS
356680,2026-10-08,KOSDAQ,엑스게이트,512355681400.0,1331781,356680.KQ
290550,2026-10-08,KOSDAQ,디케이티,511031426500.0,551388,290550.KQ
058650,2026-10-08,KOSPI,세아홀딩스,510959736000.0,757,058650.KS
001270,2026-10-08,KOSPI,부국증권,510716885500.0,4236,001270.KS
001510,2026-10-08,KOSPI,SK증권,510005662425.0,1228994,001510.KS
174900,2026-10-08,KOSDAQ,앱클론,509776895950.0,186983,174900.KQ
029460,2026-10-08,KOSPI,케이씨,509148717000.0,35074,029460.KS
037460,2026-10-08,KOSDAQ,삼지전자,509137886400.0,25385,037460.KQ
484870,2026-10-08,KOSPI,엠앤씨솔루션,508041450000.0,87188,484870.KS
005810,2026-10-08,KOSPI,풍산홀딩스,506767813800.0,5749,005810.KS
348340,2026-10-08,KOSDAQ,뉴로메카,500940273600.0,697744,348340.KQ
452260,2026-10-08,KOSPI,한화갤러리아,493372707450.0,815127,452260.KS
468530,2026-10-08,KOSDAQ,프로티나,493068571200.0,185095,468530.KQ
099190,2026-10-08,KOSDAQ,아이센스,490330503540.0,19603,099190.KQ
211050,2026-10-08,KOSDAQ,인카금융서비스,488202840870.0,32475,211050.KQ
033160,2026-10-08,KOSDAQ,엠케이전자,487842191880.0,1540714,033160.KQ
098120,2026-10-08,KOSDAQ,마이크로컨텍솔,486296811000.0,102490,098120.KQ
003545,2026-10-08,KOSPI,대신증권우,482790013200.0,45337,003545.KS
365340,2026-10-08,KOSDAQ,성일하이텍,482603645250.0,27064,365340.KQ
348370,2026-10-08,KOSDAQ,엔켐,482041868000.0,370723,348370.KQ
086900,2026-10-08,KOSDAQ,메디톡스,480970952300.0,17091,086900.KQ
417840,2026-10-08,KOSDAQ,저스템,479585632900.0,3356621,417840.KQ
056080,2026-10-08,KOSDAQ,유진로봇,479472994440.0,1040142,056080.KQ
082270,2026-10-08,KOSDAQ,젬백스,478910581110.0,108213,082270.KQ
025980,2026-10-08,KOSDAQ,아난티,476774851000.0,651592,025980.KQ
089010,2026-10-08,KOSDAQ,켐트로닉스,473753262750.0,136136,089010.KQ
200470,2026-10-08,KOSDAQ,에이팩트,472856169240.0,1916271,200470.KQ
377740,2026-10-08,KOSPI,바이오노트,472751262720.0,41033,377740.KS
278280,2026-10-08,KOSDAQ,천보,471128811250.0,35859,278280.KQ
041190,2026-10-08,KOSDAQ,우리기술투자,470022000000.0,1013003,041190.KQ
034950,2026-10-08,KOSDAQ,한국기업평가,469943199000.0,674,034950.KQ
376900,2026-10-08,KOSDAQ,로킷헬스케어,468406036500.0,106526,376900.KQ
145990,2026-10-08,KOSPI,삼양사,468230584600.0,7230,145990.KS
460860,2026-10-08,KOSPI,동국제강,467307520140.0,566729,460860.KS
020000,2026-10-08,KOSPI,한섬,467124619500.0,80197,020000.KS
448730,2026-10-08,KOSPI,삼성FN리츠,467086500000.0,21528,448730.KS
376300,2026-10-08,KOSDAQ,디어유,465035373540.0,118469,376300.KQ
001500,2026-10-08,KOSPI,현대차증권,464984490880.0,119512,001500.KS
015750,2026-10-08,KOSDAQ,성우하이텍,464800000000.0,121856,015750.KQ
004690,2026-10-08,KOSPI,삼천리,463864778300.0,5549,004690.KS
159010,2026-10-08,KOSDAQ,아스플로,463382180250.0,163730,159010.KQ
125490,2026-10-08,KOSDAQ,한라캐스트,462849823360.0,876546,125490.KQ
012030,2026-10-08,KOSPI,DB,460688306570.0,3827444,012030.KS
039130,2026-10-08,KOSPI,하나투어,460050980400.0,20701,039130.KS
005250,2026-10-08,KOSPI,녹십자홀딩스,458525047500.0,54327,005250.KS
033500,2026-10-08,KOSDAQ,동성화인텍,456140203740.0,76968,033500.KQ
018290,2026-10-08,KOSDAQ,브이티,452147383720.0,344148,018290.KQ
019210,2026-10-08,KOSDAQ,와이지-원,451903795200.0,386702,019210.KQ
475960,2026-10-08,KOSDAQ,토모큐브,448082785500.0,48341,475960.KQ
336570,2026-10-08,KOSDAQ,원텍,446403230000.0,597959,336570.KQ
002240,2026-10-08,KOSPI,고려제강,445770000000.0,18046,002240.KS
079370,2026-10-08,KOSDAQ,제우스,444473466700.0,333505,079370.KQ
005420,2026-10-08,KOSPI,코스모화학,444383197960.0,168804,005420.KS
009900,2026-10-08,KOSPI,명신산업,443897325180.0,103401,009900.KS
249420,2026-10-08,KOSPI,일동제약,443568293040.0,172909,249420.KS
368770,2026-10-08,KOSDAQ,파이버프로,441889326250.0,154949,368770.KQ
002030,2026-10-08,KOSPI,아세아,441623754000.0,2342,002030.KS
340570,2026-10-08,KOSDAQ,티앤엘,440321288000.0,47062,340570.KQ
460930,2026-10-08,KOSDAQ,현대힘스,438556786850.0,101353,460930.KQ
107640,2026-10-08,KOSDAQ,한중엔시에스,438290139100.0,201616,107640.KQ
003280,2026-10-08,KOSPI,흥아해운,437092466382.0,2368983,003280.KS
000070,2026-10-08,KOSPI,삼양홀딩스,436291334200.0,4890,000070.KS
004700,2026-10-08,KOSPI,조광피혁,436183452800.0,358,004700.KS
035890,2026-10-08,KOSDAQ,서희건설,435935925600.0,199230,035890.KQ
003030,2026-10-08,KOSPI,세아제강지주,435288150700.0,23229,003030.KS
217590,2026-10-08,KOSPI,티엠씨,435141703500.0,1147756,217590.KS
170920,2026-10-08,KOSDAQ,엘티씨,434185578600.0,198844,170920.KQ
010780,2026-10-08,KOSPI,아이에스동서,433980152800.0,47856,010780.KS
027360,2026-10-08,KOSDAQ,아주IB투자,430066191300.0,1290903,027360.KQ
034310,2026-10-08,KOSPI,NICE,425280306490.0,6910,034310.KS
030520,2026-10-08,KOSDAQ,한컴,423629114880.0,335738,030520.KQ
441270,2026-10-08,KOSDAQ,파인엠텍,422925250000.0,1195012,441270.KQ
403550,2026-10-08,KOSPI,쏘카,421892155040.0,9971,403550.KS
078130,2026-10-08,KOSDAQ,에스엠국일,421086092445.0,84334,078130.KQ
016610,2026-10-08,KOSPI,DB증권,421068178880.0,38856,016610.KS
475830,2026-10-08,KOSDAQ,오름테라퓨틱,419178691320.0,355101,475830.KQ
348210,2026-10-08,KOSDAQ,넥스틴,419080200000.0,94167,348210.KQ
271940,2026-10-08,KOSPI,일진하이솔루스,415786025500.0,22920,271940.KS
002990,2026-10-08,KOSPI,금호건설,415076110360.0,775729,002990.KS
014830,2026-10-08,KOSPI,유니드,414177120000.0,12497,014830.KS
090435,2026-10-08,KOSPI,아모레퍼시픽우,412811153000.0,12900,090435.KS
114810,2026-10-08,KOSDAQ,한솔아이원스,412297499100.0,158280,114810.KQ
306200,2026-10-08,KOSPI,세아제강,411830760000.0,9746,306200.KS
052710,2026-10-08,KOSDAQ,아모텍,410043560000.0,453866,052710.KQ
072710,2026-10-08,KOSPI,농심홀딩스,408589299000.0,1674,072710.KS
013030,2026-10-08,KOSDAQ,하이록코리아,405412560800.0,19375,013030.KQ
486990,2026-10-08,KOSDAQ,노타,405386548500.0,318262,486990.KQ
187660,2026-10-08,KOSDAQ,페니트리움바이오,404266718960.0,904524,187660.KQ
215200,2026-10-08,KOSDAQ,메가스터디교육,403725163200.0,60177,215200.KQ
241770,2026-10-08,KOSDAQ,메카로,402099648000.0,5797,241770.KQ
204620,2026-10-08,KOSDAQ,글로벌텍스프리,402020647600.0,388050,204620.KQ
330860,2026-10-08,KOSDAQ,네패스아크,401464282750.0,327307,330860.KQ
101730,2026-10-08,KOSDAQ,위메이드맥스,401417739940.0,793479,101730.KQ
397030,2026-10-08,KOSDAQ,에이프릴바이오,401255865920.0,386672,397030.KQ
003000,2026-10-08,KOSPI,부광약품,400085240905.0,448548,003000.KS
011930,2026-10-08,KOSPI,신성이엔지,398204229020.0,346118,011930.KS
372320,2026-10-08,KOSDAQ,큐로셀,398190024800.0,72080,372320.KQ
005945,2026-10-08,KOSPI,NH투자증권우,398177424800.0,90037,005945.KS
002810,2026-10-08,KOSPI,삼영무역,397039382000.0,6940,002810.KS
357120,2026-10-08,KOSPI,코람코라이프인프라리츠,396154890780.0,42501,357120.KS
039440,2026-10-08,KOSDAQ,에스티아이,390777584400.0,168554,039440.KQ
393890,2026-10-08,KOSDAQ,더블유씨피,388180861680.0,1102889,393890.KQ
005389,2026-10-08,KOSPI,현대차3우B,387297256800.0,13582,005389.KS
332570,2026-10-08,KOSDAQ,PS일렉트로닉스,386360471230.0,1207309,332570.KQ
031430,2026-10-08,KOSPI,신세계인터내셔날,385895580000.0,159511,031430.KS
008730,2026-10-08,KOSPI,율촌화학,384648000000.0,90782,008730.KS
001200,2026-10-08,KOSPI,유진투자증권,384559679460.0,287546,001200.KS
236200,2026-10-08,KOSDAQ,슈프리마,384284536100.0,19027,236200.KQ
317400,2026-10-08,KOSPI,자이에스앤디,382783472400.0,442687,317400.KS
015360,2026-10-08,KOSPI,INVENI,382462500000.0,21548,015360.KS
200710,2026-10-08,KOSDAQ,에이디테크놀로지,380974798100.0,112500,200710.KQ
138080,2026-10-08,KOSDAQ,오이솔루션,380616058500.0,213130,138080.KQ
095660,2026-10-08,KOSDAQ,네오위즈,380368949220.0,41378,095660.KQ
092190,2026-10-08,KOSDAQ,서울바이오시스,380248895070.0,93921,092190.KQ
025900,2026-10-08,KOSDAQ,동화기업,380190783200.0,123428,025900.KQ
130660,2026-10-08,KOSPI,한전산업,380116000000.0,161020,130660.KS
092230,2026-10-08,KOSPI,KPX홀딩스,377506140400.0,916,092230.KS
078160,2026-10-08,KOSDAQ,메디포스트,375972142770.0,57801,078160.KQ
477850,2026-10-08,KOSDAQ,마키나락스,375512666400.0,277101,477850.KQ
344820,2026-10-08,KOSPI,KCC글라스,375307032000.0,5372,344820.KS
092730,2026-10-08,KOSDAQ,네오팜,371047945350.0,34268,092730.KQ
003350,2026-10-08,KOSPI,한국화장품제조,367998400000.0,1241222,003350.KS
029530,2026-10-08,KOSPI,신도리코,367254556200.0,2381,029530.KS
002710,2026-10-08,KOSPI,TCC스틸,367253894970.0,394487,002710.KS
354320,2026-10-08,KOSDAQ,알멕,366226131300.0,384180,354320.KQ
126560,2026-10-08,KOSPI,현대퓨처넷,365277478800.0,40065,126560.KS
016590,2026-10-08,KOSPI,신대양제지,365098249200.0,5201,016590.KS
046970,2026-10-08,KOSDAQ,우리로,365062241670.0,2157505,046970.KQ
025320,2026-10-08,KOSDAQ,시노펙스,364733078115.0,265357,025320.KQ
027410,2026-10-08,KOSPI,BGF,363723805800.0,125083,027410.KS
036800,2026-10-08,KOSDAQ,나이스정보통신,363090000000.0,37139,036800.KQ
089590,2026-10-08,KOSPI,제주항공,361674817725.0,78826,089590.KS
001940,2026-10-08,KOSPI,KISCO홀딩스,360080052000.0,3257,001940.KS
006405,2026-10-08,KOSPI,삼성SDI우,359172912000.0,7279,006405.KS
950210,2026-10-08,KOSPI,프레스티지바이오파마,358173083800.0,19680,950210.KS
0120G0,2026-10-08,KOSPI,삼양바이오팜,358037140500.0,38201,0120G0.KS
183190,2026-10-08,KOSPI,아세아시멘트,357983806400.0,30993,183190.KS
110990,2026-10-08,KOSDAQ,디아이티,357588000000.0,77251,110990.KQ
168360,2026-10-08,KOSDAQ,펨트론,355817730730.0,221490,168360.KQ
060280,2026-10-08,KOSDAQ,큐렉소,355659389800.0,231125,060280.KQ
006220,2026-10-08,KOSPI,제주은행,355306435800.0,102448,006220.KS
010955,2026-10-08,KOSPI,S-Oil우,354733961400.0,8096,010955.KS
194370,2026-10-08,KOSPI,제이에스코퍼레이션,354584782760.0,15116,194370.KS
389470,2026-10-08,KOSDAQ,인벤티지랩,353985032800.0,141934,389470.KQ
078020,2026-10-08,KOSDAQ,LS증권,353969992200.0,29754,078020.KQ
105630,2026-10-08,KOSPI,한세실업,352000000000.0,22591,105630.KS
003800,2026-10-08,KOSDAQ,에이스침대,351553000000.0,1882,003800.KQ
007690,2026-10-08,KOSPI,국도화학,351448574400.0,7363,007690.KS
456010,2026-10-08,KOSDAQ,아이씨티케이,350231752500.0,755898,456010.KQ
482630,2026-10-08,KOSDAQ,삼양엔씨켐,349555831600.0,347412,482630.KQ
145720,2026-10-08,KOSPI,덴티움,347974001850.0,33386,145720.KS
005610,2026-10-08,KOSPI,삼립,346454711350.0,3243,005610.KS
092790,2026-10-08,KOSPI,넥스틸,344786520000.0,211527,092790.KS
009290,2026-10-08,KOSPI,광동제약,344614671360.0,215726,009290.KS
425040,2026-10-08,KOSDAQ,티이엠씨,342216437780.0,822795,425040.KQ
015860,2026-10-08,KOSPI,일진홀딩스,341978057190.0,94233,015860.KS
006910,2026-10-08,KOSDAQ,보성파워텍,340960978560.0,715170,006910.KQ
104700,2026-10-08,KOSPI,한국철강,340443000000.0,15102,104700.KS
093520,2026-10-08,KOSDAQ,매커스,340392538200.0,7751,093520.KQ
170900,2026-10-08,KOSPI,동아에스티,339989440950.0,3731,170900.KS
091580,2026-10-08,KOSDAQ,상신이디피,339869584500.0,523506,091580.KQ
060980,2026-10-08,KOSPI,HL홀딩스,337654281900.0,11695,060980.KS
036620,2026-10-08,KOSDAQ,감성코퍼레이션,336986040000.0,133201,036620.KQ
064260,2026-10-08,KOSDAQ,다날,336622283650.0,489754,064260.KQ
005720,2026-10-08,KOSPI,넥센,334705133490.0,47644,005720.KS
017890,2026-10-08,KOSDAQ,한국알콜,334704062140.0,133129,017890.KQ
036200,2026-10-08,KOSDAQ,유니셈,334546672930.0,238905,036200.KQ
017810,2026-10-08,KOSPI,풀무원,330886304560.0,10091,017810.KS
121440,2026-10-08,KOSDAQ,골프존홀딩스,330700234960.0,6415,121440.KQ
097520,2026-10-08,KOSPI,엠씨넥스,328714335000.0,28474,097520.KS
061970,2026-10-08,KOSDAQ,LB세미콘,325185147840.0,281175,061970.KQ
018000,2026-10-08,KOSDAQ,유니슨,324606229624.0,1143801,018000.KQ
215600,2026-10-08,KOSDAQ,신라젠,324215339760.0,527281,215600.KQ
117730,2026-10-08,KOSDAQ,티로보틱스,323482336620.0,54208,117730.KQ
448900,2026-10-08,KOSDAQ,한국피아이엠,323161112400.0,45511,448900.KQ
446540,2026-10-08,KOSDAQ,메가터치,322487340990.0,819432,446540.KQ
024720,2026-10-08,KOSPI,콜마홀딩스,322384834600.0,44063,024720.KS
009160,2026-10-08,KOSPI,SIMPAC,319337178680.0,163515,009160.KS
234340,2026-10-08,KOSDAQ,헥토파이낸셜,319229489600.0,179934,234340.KQ
011760,2026-10-08,KOSPI,현대코퍼레이션,317495184000.0,22462,011760.KS
000157,2026-10-08,KOSPI,두산2우B,317475009000.0,207,000157.KS
000650,2026-10-08,KOSPI,천일고속,315857620000.0,244960,000650.KS
455900,2026-10-08,KOSDAQ,엔젤로보틱스,315556110500.0,197019,455900.KQ
001230,2026-10-08,KOSPI,동국홀딩스,314125584300.0,403137,001230.KS
026890,2026-10-08,KOSPI,스틱인베스트먼트,314043779700.0,54145,026890.KS
265520,2026-10-08,KOSDAQ,AP시스템,310046912600.0,37340,265520.KQ
206650,2026-10-08,KOSDAQ,유바이오로직스,309454424940.0,302094,206650.KQ
02826K,2026-10-08,KOSPI,삼성물산우B,308927695000.0,4226,02826K.KS
381970,2026-10-08,KOSPI,KG모빌리티플랫폼,306594925440.0,52432,381970.KS
086390,2026-10-08,KOSDAQ,유니테스트,305176779440.0,167516,086390.KQ
084010,2026-10-08,KOSPI,대한제강,304532340560.0,144915,084010.KS
900290,2026-10-08,KOSDAQ,GRT,304225526800.0,179172,900290.KQ
096760,2026-10-08,KOSPI,JW홀딩스,303461886910.0,76856,096760.KS
272450,2026-10-08,KOSPI,진에어,302760000000.0,37028,272450.KS
424870,2026-10-08,KOSDAQ,이뮨온시아,301627487700.0,489563,424870.KQ
005430,2026-10-08,KOSPI,한국공항,301120360500.0,5005,005430.KS
199800,2026-10-08,KOSDAQ,툴젠,300970690050.0,27600,199800.KQ
126720,2026-10-08,KOSPI,수산인더스트리,300720300000.0,31239,126720.KS
115450,2026-10-08,KOSDAQ,HLB테라퓨틱스,300619458450.0,9167959,115450.KQ
160980,2026-10-08,KOSDAQ,싸이맥스,299870470350.0,123089,160980.KQ
002310,2026-10-08,KOSPI,아세아제지,297843800500.0,30798,002310.KS
200880,2026-10-08,KOSPI,서연이화,297583091370.0,23464,200880.KS
003120,2026-10-08,KOSPI,일성아이에스,297255000000.0,14371,003120.KS
005950,2026-10-08,KOSPI,이수화학,296861168010.0,190999,005950.KS
123890,2026-10-08,KOSPI,한국자산신탁,295533031290.0,51394,123890.KS
018250,2026-10-08,KOSPI,애경산업,295527172650.0,21178,018250.KS
049070,2026-10-08,KOSDAQ,인탑스,295482971000.0,58847,049070.KQ
025860,2026-10-08,KOSPI,남해화학,295092327420.0,161060,025860.KS
042520,2026-10-08,KOSDAQ,한스바이오메드,294497228550.0,144803,042520.KQ
025770,2026-10-08,KOSDAQ,한국정보통신,293563084640.0,12073,025770.KQ
054950,2026-10-08,KOSDAQ,제이브이엠,292575386400.0,15713,054950.KQ
084110,2026-10-08,KOSDAQ,휴온스글로벌,292441657200.0,25717,084110.KQ
002020,2026-10-08,KOSPI,코오롱,292358952000.0,17249,002020.KS
452430,2026-10-08,KOSDAQ,사피엔반도체,291829132350.0,29389,452430.KQ
092460,2026-10-08,KOSDAQ,한라IMS,291720044000.0,18780,092460.KQ
078520,2026-10-08,KOSPI,에이블씨엔씨,289825375860.0,63109,078520.KS
488900,2026-10-08,KOSDAQ,비츠로넥스텍,289764430000.0,130633,488900.KQ
484590,2026-10-08,KOSDAQ,삼양컴텍,288473150000.0,135921,484590.KQ
200670,2026-10-08,KOSDAQ,휴메딕스,288047704500.0,29995,200670.KQ
035810,2026-10-08,KOSDAQ,이지홀딩스,287742185100.0,87913,035810.KQ
108670,2026-10-08,KOSPI,LX하우시스,287413823500.0,11379,108670.KS
001750,2026-10-08,KOSPI,한양증권,286324759700.0,7338,001750.KS
314130,2026-10-08,KOSDAQ,지놈앤컴퍼니,286077854750.0,643488,314130.KQ
136480,2026-10-08,KOSDAQ,하림,285173049870.0,195575,136480.KQ
033270,2026-10-08,KOSPI,유나이티드제약,284166441500.0,10788,033270.KS
244920,2026-10-08,KOSPI,에이플러스에셋,283048316360.0,24457,244920.KS
085910,2026-10-08,KOSDAQ,네오티스,282793769000.0,272433,085910.KQ
084690,2026-10-08,KOSPI,대상홀딩스,282457796400.0,14363,084690.KS
010820,2026-10-08,KOSPI,퍼스텍,281901801640.0,311486,010820.KS
228760,2026-10-08,KOSDAQ,지노믹트리,281406166640.0,98965,228760.KQ
034830,2026-10-08,KOSPI,한국토지신탁,281020512990.0,183853,034830.KS
016800,2026-10-08,KOSPI,퍼시스,280600000000.0,1261,016800.KS
012210,2026-10-08,KOSDAQ,삼미금속,280537716430.0,2241160,012210.KQ
448280,2026-10-08,KOSDAQ,에코아이,280310480340.0,3043,448280.KQ
203650,2026-10-08,KOSDAQ,드림시큐리티,280195853420.0,2978775,203650.KQ
044450,2026-10-08,KOSPI,KSS해운,280187085250.0,53392,044450.KS
004430,2026-10-08,KOSPI,송원산업,278160000000.0,53204,004430.KS
389500,2026-10-08,KOSDAQ,에스비비테크,276867261600.0,62948,389500.KQ
122900,2026-10-08,KOSPI,아이마켓코리아,276456506800.0,49482,122900.KS
386380,2026-10-08,KOSDAQ,스카이랩스,276176301440.0,780497,386380.KQ
001390,2026-10-08,KOSPI,KG케미칼,275575089400.0,149437,001390.KS
042370,2026-10-08,KOSDAQ,비츠로테크,275362262750.0,490981,042370.KQ
352480,2026-10-08,KOSDAQ,씨앤씨인터내셔널,275324000200.0,15416,352480.KQ
317330,2026-10-08,KOSDAQ,덕산테코피아,274590991440.0,92482,317330.KQ
378340,2026-10-08,KOSDAQ,필에너지,274444423760.0,68610,378340.KQ
493280,2026-10-08,KOSDAQ,아이엠바이오로직스,274056440060.0,76131,493280.KQ
394280,2026-10-08,KOSDAQ,오픈엣지테크놀로지,274003912000.0,77763,394280.KQ
000430,2026-10-08,KOSPI,대원강업,273110000000.0,53279,000430.KS
094360,2026-10-08,KOSDAQ,칩스앤미디어,272493296240.0,94825,094360.KQ
101930,2026-10-08,KOSDAQ,인화정공,271883292450.0,47179,101930.KQ
100120,2026-10-08,KOSDAQ,뷰웍스,271833753300.0,29474,100120.KQ
254490,2026-10-08,KOSDAQ,미래반도체,271723160000.0,178224,254490.KQ
304360,2026-10-08,KOSDAQ,에스바이오메딕스,271464534000.0,42751,304360.KQ
036710,2026-10-08,KOSDAQ,심텍홀딩스,271006378020.0,197076,036710.KQ
452280,2026-10-08,KOSDAQ,한선엔지니어링,270429763500.0,484964,452280.KQ
060720,2026-10-08,KOSDAQ,KH바텍,270159613220.0,54622,060720.KQ
309710,2026-10-08,KOSDAQ,아이티켐,268443021000.0,0,309710.KQ
005500,2026-10-08,KOSPI,삼진제약,267732000000.0,45115,005500.KS
035600,2026-10-08,KOSDAQ,KG이니시스,267553554140.0,18517,035600.KQ
017390,2026-10-08,KOSPI,서울가스,266805000000.0,3359,017390.KS
267980,2026-10-08,KOSDAQ,매일유업,266694602400.0,4410,267980.KQ
002900,2026-10-08,KOSPI,TYM,266202000000.0,77083,002900.KS
286940,2026-10-08,KOSPI,롯데이노베이트,265520390850.0,6080,286940.KS
182400,2026-10-08,KOSDAQ,엔케이젠바이오텍코리아,265496721770.0,0,182400.KQ
468670,2026-10-08,KOSDAQ,브릴스,265341204150.0,2106525,468670.KQ
472850,2026-10-08,KOSDAQ,폰드그룹,265117457460.0,70077,472850.KQ
051500,2026-10-08,KOSDAQ,CJ프레시웨이,264736367800.0,7952,051500.KQ
058430,2026-10-08,KOSPI,포스코스틸리온,264600000000.0,143991,058430.KS
001250,2026-10-08,KOSPI,GS글로벌,264520713620.0,990493,001250.KS
091810,2026-10-08,KOSPI,트리니티항공,264454775690.0,25343,091810.KS
003200,2026-10-08,KOSPI,일신방직,264269600000.0,189588,003200.KS
002320,2026-10-08,KOSPI,한진,263971658160.0,64138,002320.KS
294570,2026-10-08,KOSDAQ,쿠콘,262889618600.0,55622,294570.KQ
266690,2026-10-08,KOSDAQ,덕산넵코어스,262813995990.0,16603950,266690.KQ
272110,2026-10-08,KOSDAQ,케이엔제이,262430416500.0,82334,272110.KQ
071200,2026-10-08,KOSDAQ,인피니트헬스케어,262261923500.0,98740,071200.KQ
004360,2026-10-08,KOSPI,세방,261692605070.0,27511,004360.KS
416180,2026-10-08,KOSDAQ,신성에스티,260345606400.0,75663,416180.KQ
287840,2026-10-08,KOSDAQ,인투셀,260180347200.0,36130,287840.KQ
010580,2026-10-08,KOSPI,에스엠벡셀,259216600800.0,7448876,010580.KS
010690,2026-10-08,KOSPI,화신,259109442200.0,87622,010690.KS
020120,2026-10-08,KOSPI,키다리스튜디오,258705086680.0,909865,020120.KS
089980,2026-10-08,KOSDAQ,상아프론테크,258222947550.0,16374,089980.KQ
099440,2026-10-08,KOSDAQ,스맥,257618812350.0,189572,099440.KQ
091700,2026-10-08,KOSDAQ,파트론,257500000000.0,144944,091700.KQ
098070,2026-10-08,KOSDAQ,한텍,257454414150.0,72355,098070.KQ
037710,2026-10-08,KOSPI,광주신세계,257417055000.0,14029,037710.KS
445090,2026-10-08,KOSDAQ,에이직랜드,256752963000.0,84903,445090.KQ
151860,2026-10-08,KOSDAQ,KG에코솔루션,256580180780.0,31468,151860.KQ
121800,2026-10-08,KOSDAQ,비덴트,256309348520.0,0,121800.KQ
068930,2026-10-08,KOSDAQ,디지털대성,255720160080.0,37231,068930.KQ
005160,2026-10-08,KOSDAQ,동국산업,255491510220.0,23042605,005160.KQ
024840,2026-10-08,KOSDAQ,KBI메탈,255147574290.0,1019613,024840.KQ
484120,2026-10-08,KOSDAQ,도우인시스,254760061500.0,66291,484120.KQ
043150,2026-10-08,KOSDAQ,바텍,253562149920.0,42024,043150.KQ
377460,2026-10-08,KOSDAQ,큐에이드,253187202960.0,0,377460.KQ
112290,2026-10-08,KOSDAQ,와이씨켐,253168046800.0,246442,112290.KQ
032580,2026-10-08,KOSDAQ,피델릭스,252466327680.0,460736,032580.KQ
073490,2026-10-08,KOSDAQ,LIG아큐버,251687302600.0,40159,073490.KQ
243840,2026-10-08,KOSDAQ,신흥에스이씨,250628527500.0,972230,243840.KQ
334890,2026-10-08,KOSPI,이지스밸류플러스리츠,249668015385.0,44291,334890.KS
005680,2026-10-08,KOSPI,삼영전자,249000000000.0,31479,005680.KS
023410,2026-10-08,KOSDAQ,유진기업,248940978860.0,153623,023410.KQ
003960,2026-10-08,KOSPI,사조대림,248815279050.0,3280,003960.KS
439090,2026-10-08,KOSDAQ,마녀공장,248357889000.0,85204,439090.KQ
004310,2026-10-08,KOSPI,현대약품,248320000000.0,724625,004310.KS
105840,2026-10-08,KOSPI,우진,248027387600.0,244894,105840.KS
226320,2026-10-08,KOSPI,잇츠한불,247143380050.0,33408,226320.KS
389650,2026-10-08,KOSDAQ,넥스트바이오메디컬,245835394200.0,58218,389650.KQ
0035S0,2026-10-08,KOSDAQ,빅웨이브로보틱스,245462822900.0,1193006,0035S0.KQ
432320,2026-10-08,KOSPI,KB스타리츠,244991963125.0,160509,432320.KS
025000,2026-10-08,KOSPI,KPX케미칼,244657365000.0,3099,025000.KS
036030,2026-10-08,KOSDAQ,케이티알파,244605513590.0,33001,036030.KQ
298690,2026-10-08,KOSPI,에어부산,244372308000.0,25260,298690.KS
461300,2026-10-08,KOSDAQ,아이스크림미디어,243344277250.0,20170,461300.KQ
001790,2026-10-08,KOSPI,대한제당,241908571575.0,62804,001790.KS
389260,2026-10-08,KOSDAQ,대명에너지,241870387500.0,58447,389260.KQ
0011T0,2026-10-08,KOSDAQ,채비,241320897740.0,139629,0011T0.KQ
377450,2026-10-08,KOSDAQ,리파인,240020500000.0,11846,377450.KQ
136490,2026-10-08,KOSPI,선진,239936204360.0,34982,136490.KS
061090,2026-10-08,KOSDAQ,세나테크놀로지,239478690000.0,24520,061090.KQ
030210,2026-10-08,KOSPI,다올투자증권,239380646580.0,181712,030210.KS
007160,2026-10-08,KOSPI,사조산업,239000000000.0,783,007160.KS
450950,2026-10-08,KOSDAQ,아스테라시스,238558933280.0,85114,450950.KQ
114190,2026-10-08,KOSDAQ,강원에너지,237980876180.0,98381,114190.KQ
001460,2026-10-08,KOSPI,BYC,237978315000.0,1513,001460.KS
404990,2026-10-08,KOSPI,신한서부티엔디리츠,237883539600.0,33325,404990.KS
083310,2026-10-08,KOSDAQ,엘오티베큠,237051539230.0,189495,083310.KQ
0030R0,2026-10-08,KOSPI,대신밸류리츠,237027700000.0,17186,0030R0.KS
099430,2026-10-08,KOSDAQ,바이오플러스,236700372480.0,167138,099430.KQ
108860,2026-10-08,KOSDAQ,셀바스AI,235504412500.0,124648,108860.KQ
003920,2026-10-08,KOSPI,남양유업,235448050500.0,1589,003920.KS
043370,2026-10-08,KOSDAQ,피에이치에이,235410000000.0,9716,043370.KQ
064850,2026-10-08,KOSDAQ,에프앤가이드,234482322600.0,24207,064850.KQ
008490,2026-10-08,KOSPI,서흥,234274538250.0,17453,008490.KS
067390,2026-10-08,KOSDAQ,아스트,234163608920.0,41674,067390.KQ
036890,2026-10-08,KOSDAQ,진성티이씨,233545803800.0,118302,036890.KQ
340450,2026-10-08,KOSDAQ,지씨지놈,233433326910.0,520447,340450.KQ
044820,2026-10-08,KOSPI,코스맥스비티아이,233375280300.0,32179,044820.KS
064820,2026-10-08,KOSDAQ,케이프,233303225400.0,48857,064820.KQ
348950,2026-10-08,KOSPI,제이알글로벌리츠,233298432000.0,0,348950.KS
462350,2026-10-08,KOSDAQ,이노스페이스,232427583920.0,1749613,462350.KQ
001340,2026-10-08,KOSPI,PKC,232344939240.0,72751,001340.KS
011560,2026-10-08,KOSDAQ,세보엠이씨,231447812400.0,96601,011560.KQ
011500,2026-10-08,KOSPI,한농화성,231428221600.0,75448,011500.KS
126600,2026-10-08,KOSDAQ,BGF에코머티리얼즈,230982188320.0,1329414,126600.KQ
144510,2026-10-08,KOSDAQ,지씨셀,230685022400.0,32547,144510.KQ
000680,2026-10-08,KOSPI,LS네트웍스,230104806720.0,47892,000680.KS
180400,2026-10-08,KOSDAQ,DXVX,229340576560.0,32869,180400.KQ
003070,2026-10-08,KOSPI,코오롱글로벌,228561391410.0,6181,003070.KS
376270,2026-10-08,KOSDAQ,HEM파마,228125045200.0,14443,376270.KQ
134380,2026-10-08,KOSPI,미원화학,227844164800.0,1700,134380.KS
001470,2026-10-08,KOSPI,삼부토건,227794235460.0,0,001470.KS
243070,2026-10-08,KOSDAQ,휴온스,227613635000.0,29355,243070.KQ
382800,2026-10-08,KOSDAQ,지앤비에스 에코,226955322330.0,2877962,382800.KQ
298830,2026-10-08,KOSDAQ,슈어소프트테크,226664035760.0,115699,298830.KQ
017860,2026-10-08,KOSPI,DS단석,225613442520.0,60161,017860.KS
092200,2026-10-08,KOSPI,디아이씨,224387043130.0,190402,092200.KS
215000,2026-10-08,KOSDAQ,골프존,224346086250.0,6248,215000.KQ
078150,2026-10-08,KOSDAQ,HB테크놀러지,223540834290.0,3901144,078150.KQ
067080,2026-10-08,KOSDAQ,대화제약,223399800000.0,753442,067080.KQ
293780,2026-10-08,KOSDAQ,압타바이오,223061635700.0,81641,293780.KQ
486510,2026-10-08,KOSDAQ,글로벌테크놀로지,222787272960.0,2908564,486510.KQ
419530,2026-10-08,KOSDAQ,SAMG엔터,221499212900.0,175139,419530.KQ
900140,2026-10-08,KOSPI,엘브이엠씨홀딩스,221453535072.0,213654,900140.KS
0008Z0,2026-10-08,KOSDAQ,에스엔시스,221287425800.0,19853,0008Z0.KQ
000050,2026-10-08,KOSPI,경방,221241228900.0,34072,000050.KS
018310,2026-10-08,KOSDAQ,삼목에스폼,221088000000.0,7214,018310.KQ
065710,2026-10-08,KOSDAQ,서호전기,220935000000.0,6727,065710.KQ
023760,2026-10-08,KOSDAQ,한국캐피탈,220926703200.0,31182,023760.KQ
237880,2026-10-08,KOSDAQ,클리오,220109079540.0,99893,237880.KQ
216080,2026-10-08,KOSDAQ,제테마,219993884100.0,81494,216080.KQ
028100,2026-10-08,KOSPI,동아지질,219953493200.0,30167,028100.KS
095500,2026-10-08,KOSDAQ,미래나노텍,219860892910.0,92923,095500.KQ
025560,2026-10-08,KOSPI,미래산업,218895982640.0,297559,025560.KS
005010,2026-10-08,KOSPI,휴스틸,218571611750.0,222479,005010.KS
000540,2026-10-08,KOSPI,흥국화재,218424993000.0,21127,000540.KS
064550,2026-10-08,KOSDAQ,바이오니아,218355061860.0,124040,064550.KQ
003720,2026-10-08,KOSPI,삼영,218280000000.0,134299,003720.KS
009680,2026-10-08,KOSPI,모토닉,217982932820.0,7508,009680.KS
187870,2026-10-08,KOSDAQ,디바이스,217922775840.0,645550,187870.KQ
065680,2026-10-08,KOSDAQ,우주일렉트로,217423327550.0,6806,065680.KQ
190510,2026-10-08,KOSDAQ,나무가,217054734970.0,44368,190510.KQ
094480,2026-10-08,KOSDAQ,갤럭시아머니트리,216941004140.0,213618,094480.KQ
365270,2026-10-08,KOSDAQ,큐라클,216473811840.0,94503,365270.KQ
0001A0,2026-10-08,KOSDAQ,덕양에너젠,216231487380.0,36650,0001A0.KQ
053690,2026-10-08,KOSPI,한미글로벌,215863735000.0,81224,053690.KS
126730,2026-10-08,KOSDAQ,코칩,215745099600.0,163040,126730.KQ
176750,2026-10-08,KOSDAQ,듀켐바이오,215659610400.0,39978,176750.KQ
405100,2026-10-08,KOSDAQ,큐알티,215554339540.0,61383,405100.KQ
034120,2026-10-08,KOSPI,SBS,215008848420.0,2807,034120.KS
077500,2026-10-08,KOSPI,유니퀘스트,214921014900.0,251100,077500.KS
206640,2026-10-08,KOSDAQ,바디텍메드,214478546590.0,19104,206640.KQ
263860,2026-10-08,KOSDAQ,지니언스,214278560000.0,419314,263860.KQ
000490,2026-10-08,KOSPI,대동,213318801000.0,71377,000490.KS
241520,2026-10-08,KOSDAQ,DSC인베스트먼트,213066000000.0,86030,241520.KQ
003650,2026-10-08,KOSPI,미창석유,212935852800.0,641,003650.KS
382900,2026-10-08,KOSDAQ,범한퓨얼셀,212892300000.0,57228,382900.KQ
307180,2026-10-08,KOSDAQ,아이엘,211157666720.0,454710,307180.KQ
439960,2026-10-08,KOSDAQ,코스모로보틱스,210604562740.0,1422861,439960.KQ
053300,2026-10-08,KOSDAQ,한국정보인증,210090925260.0,189946,053300.KQ
045390,2026-10-08,KOSDAQ,대아티아이,209658296575.0,387224,045390.KQ
256840,2026-10-08,KOSDAQ,한국비엔씨,209288351160.0,2050117,256840.KQ
950170,2026-10-08,KOSDAQ,JTC,209236663350.0,21204,950170.KQ
475560,2026-10-08,KOSPI,더본코리아,209074377000.0,16526,475560.KS
005710,2026-10-08,KOSDAQ,대원산업,208992168000.0,6018,005710.KQ
452450,2026-10-08,KOSDAQ,피아이이,208965300000.0,991660,452450.KQ
084990,2026-10-08,KOSDAQ,헬릭스미스,208800370410.0,4217243,084990.KQ
475400,2026-10-08,KOSDAQ,씨메스로보틱스,208627816980.0,55162,475400.KQ
128820,2026-10-08,KOSPI,대성산업,208535553580.0,4941243,128820.KS
125020,2026-10-08,KOSDAQ,티씨머티리얼즈,208479372500.0,462185,125020.KQ
019010,2026-10-08,KOSDAQ,베뉴지,208465000000.0,54236,019010.KQ
03473K,2026-10-08,KOSPI,SK우,208054612500.0,1324,03473K.KS
033920,2026-10-08,KOSPI,무학,207765000000.0,19558,033920.KS
053030,2026-10-08,KOSDAQ,바이넥스,207217751920.0,46133,053030.KQ
049430,2026-10-08,KOSDAQ,코메론,207199200000.0,55398,049430.KQ
035510,2026-10-08,KOSPI,신세계 I&C,206917320000.0,76776,035510.KS
380540,2026-10-08,KOSDAQ,옵티코어,206658126350.0,0,380540.KQ
462860,2026-10-08,KOSDAQ,더즌,205974455610.0,1681136,462860.KQ
481070,2026-10-08,KOSDAQ,에이유브랜즈,205804594000.0,3297,481070.KQ
088260,2026-10-08,KOSPI,이리츠코크렙,205226751600.0,22499,088260.KS
003555,2026-10-08,KOSPI,LG우,204761532000.0,3959,003555.KS
035150,2026-10-08,KOSPI,백산,204432956860.0,15600,035150.KS
000480,2026-10-08,KOSPI,CR홀딩스,202801369250.0,12112,000480.KS
000320,2026-10-08,KOSPI,노루홀딩스,201360937650.0,10425,000320.KS
459510,2026-10-08,KOSDAQ,나우로보틱스,199347947520.0,27152,459510.KQ
036170,2026-10-08,KOSDAQ,에이치엠넥스,197904143850.0,182730,036170.KQ
014940,2026-10-08,KOSDAQ,오리엔탈정공,197789688740.0,114604,014940.KQ
058970,2026-10-08,KOSDAQ,엠로,197433820180.0,17658,058970.KQ
004980,2026-10-08,KOSPI,성신양회,196864066190.0,46809,004980.KS
000390,2026-10-08,KOSPI,SP삼화,196681080870.0,55088,000390.KS
403850,2026-10-08,KOSDAQ,더핑크퐁컴퍼니,196321816800.0,250838,403850.KQ
036190,2026-10-08,KOSDAQ,금화피에스시,196200000000.0,6543,036190.KQ
037270,2026-10-08,KOSPI,YG PLUS,195445747700.0,110680,037270.KS
051905,2026-10-08,KOSPI,LG생활건강우,195371338800.0,3390,051905.KS
117580,2026-10-08,KOSPI,대성에너지,194975000000.0,49303,117580.KS
234690,2026-10-08,KOSDAQ,녹십자웰빙,194722063600.0,223707,234690.KQ
298000,2026-10-08,KOSPI,효성화학,194519904300.0,12398,298000.KS
119610,2026-10-08,KOSDAQ,인터로조,194376111410.0,43467,119610.KQ
217730,2026-10-08,KOSDAQ,강스템바이오텍,194221817685.0,354101,217730.KQ
314930,2026-10-08,KOSDAQ,바이오다인,194061951560.0,32336,314930.KQ
339770,2026-10-08,KOSPI,교촌에프앤비,193614685000.0,63521,339770.KS
353810,2026-10-08,KOSDAQ,이지바이오,193529232000.0,55433,353810.KQ
351320,2026-10-08,KOSDAQ,넥사다이내믹스,193337653075.0,260056,351320.KQ
100250,2026-10-08,KOSPI,진양홀딩스,192978000000.0,25488,100250.KS
095570,2026-10-08,KOSPI,AJ네트웍스,192550489545.0,44032,095570.KS
080720,2026-10-08,KOSDAQ,한국유니온제약,192441519730.0,0,080720.KQ
053210,2026-10-08,KOSPI,스카이라이프,191992738200.0,12256,053210.KS
039570,2026-10-08,KOSPI,HDC랩스,191826671390.0,4567,039570.KS
051160,2026-10-08,KOSDAQ,지어소프트,191723254560.0,208212,051160.KQ
194700,2026-10-08,KOSDAQ,노바렉스,191493355520.0,48314,194700.KQ
102460,2026-10-08,KOSPI,이연제약,191072417080.0,29229,102460.KS
163730,2026-10-08,KOSDAQ,핑거,190847469150.0,181506,163730.KQ
143240,2026-10-08,KOSDAQ,사람인,190505975250.0,9979,143240.KQ
083930,2026-10-08,KOSDAQ,아바코,190070374550.0,56761,083930.KQ
372170,2026-10-08,KOSDAQ,윤성에프앤씨,189901342400.0,42934,372170.KQ
005960,2026-10-08,KOSPI,동부건설,189768903010.0,35916,005960.KS
001130,2026-10-08,KOSPI,대한제분,189618000000.0,14522,001130.KS
388050,2026-10-08,KOSDAQ,지투파워,189526596810.0,320782,388050.KQ
016580,2026-10-08,KOSPI,환인제약,189348712600.0,13847,016580.KS
013580,2026-10-08,KOSPI,계룡건설,189335228400.0,30430,013580.KS
003520,2026-10-08,KOSPI,영진약품,189293976585.0,181923,003520.KS
066620,2026-10-08,KOSDAQ,국보디자인,189000000000.0,7610,066620.KQ
487570,2026-10-08,KOSPI,HS효성,188904498900.0,2814,487570.KS
013120,2026-10-08,KOSDAQ,동원개발,188426807500.0,70088,013120.KQ
394800,2026-10-08,KOSDAQ,쓰리빌리언,187753062700.0,1217157,394800.KQ
086670,2026-10-08,KOSDAQ,비엠티,187400708800.0,38223,086670.KQ
016790,2026-10-08,KOSDAQ,현대사료,187340898626.0,0,016790.KQ
102260,2026-10-08,KOSPI,동성케미컬,186970790790.0,59593,102260.KS
036560,2026-10-08,KOSDAQ,KZ정밀,186952500000.0,7220,036560.KQ
041920,2026-10-08,KOSDAQ,메디아나,186912141150.0,60559,041920.KQ
126700,2026-10-08,KOSDAQ,하이비젼시스템,186776400000.0,82009,126700.KQ
001630,2026-10-08,KOSPI,종근당홀딩스,186617322250.0,2691,001630.KS
102940,2026-10-08,KOSDAQ,코오롱생명과학,186541092750.0,62631,102940.KQ
052330,2026-10-08,KOSDAQ,코텍,185608605050.0,5341,052330.KQ
034810,2026-10-08,KOSDAQ,해성산업,184743889200.0,2633,034810.KQ
199430,2026-10-08,KOSDAQ,케이엔알시스템,184191357350.0,53641,199430.KQ
033530,2026-10-08,KOSPI,SJG세종,183955633200.0,51804,033530.KS
003220,2026-10-08,KOSPI,대원제약,183681904770.0,50776,003220.KS
464080,2026-10-08,KOSDAQ,에스오에스랩,183017861040.0,77781,464080.KQ
024060,2026-10-08,KOSDAQ,흥구석유,183000000000.0,1145054,024060.KQ
082800,2026-10-08,KOSDAQ,비보존 제약,182766194660.0,101399,082800.KQ
068790,2026-10-08,KOSDAQ,DMS,181909816800.0,36479,068790.KQ
214180,2026-10-08,KOSDAQ,헥토이노베이션,181777204330.0,40172,214180.KQ
220100,2026-10-08,KOSDAQ,퓨쳐켐,181753440000.0,62495,220100.KQ
003547,2026-10-08,KOSPI,대신증권2우B,181469920740.0,18803,003547.KS
054210,2026-10-08,KOSDAQ,이랜텍,181337975700.0,143144,054210.KQ
355150,2026-10-08,KOSDAQ,코스텍시스,181288387500.0,160377,355150.KQ
000520,2026-10-08,KOSPI,삼일제약,181126621850.0,46555,000520.KS
092070,2026-10-08,KOSDAQ,디엔에프,179710954740.0,119041,092070.KQ
009470,2026-10-08,KOSPI,삼화전기,179234522000.0,39064,009470.KS
012860,2026-10-08,KOSDAQ,모베이스전자,179055802365.0,566328,012860.KQ
002420,2026-10-08,KOSPI,우양피앤엘,178903654160.0,16299,002420.KS
000140,2026-10-08,KOSPI,하이트진로홀딩스,178692090500.0,5993,000140.KS
251370,2026-10-08,KOSDAQ,와이엠티,178691072960.0,223841,251370.KQ
484810,2026-10-08,KOSDAQ,티엑스알로보틱스,178458068250.0,66915,484810.KQ
192440,2026-10-08,KOSDAQ,슈피겐코리아,178098799950.0,1969,192440.KQ
004560,2026-10-08,KOSPI,현대비앤지스틸,177929969800.0,18752,004560.KS
094820,2026-10-08,KOSDAQ,일진파워,177928766200.0,78853,094820.KQ
138610,2026-10-08,KOSDAQ,나이벡,177905960450.0,21641,138610.KQ
015230,2026-10-08,KOSPI,대창단조,177790711000.0,28901,015230.KS
230240,2026-10-08,KOSDAQ,에치에프알,177675150000.0,109208,230240.KQ
260970,2026-10-08,KOSDAQ,에스앤디,177325820200.0,10694,260970.KQ
104480,2026-10-08,KOSDAQ,티케이케미칼,177246096300.0,472799,104480.KQ
357550,2026-10-08,KOSDAQ,석경에이티,176742000000.0,1969,357550.KQ
003610,2026-10-08,KOSPI,방림,175967063440.0,10085,003610.KS
304100,2026-10-08,KOSDAQ,솔트룩스,175936154350.0,76769,304100.KQ
488280,2026-10-08,KOSDAQ,에스투더블유,175914147500.0,735112,488280.KQ
002100,2026-10-08,KOSPI,경농,175703175000.0,6189,002100.KS
264850,2026-10-08,KOSDAQ,이랜시스,175405803480.0,158655,264850.KQ
377190,2026-10-08,KOSPI,디앤디플랫폼리츠,175297200000.0,138220,377190.KS
308430,2026-10-08,KOSDAQ,셀비온,175253308580.0,20165,308430.KQ
084850,2026-10-08,KOSDAQ,아이티엠반도체,175112250480.0,12511,084850.KQ
000700,2026-10-08,KOSPI,유수홀딩스,175000976640.0,35383,000700.KS
007860,2026-10-08,KOSPI,서연,174690039360.0,13961,007860.KS
0015G0,2026-10-08,KOSDAQ,그린광학,174601911720.0,39483,0015G0.KQ
013990,2026-10-08,KOSDAQ,아가방컴퍼니,174303940800.0,159399,013990.KQ
489460,2026-10-08,KOSDAQ,바이오비쥬,174236319470.0,67300,489460.KQ
000300,2026-10-08,KOSPI,DH오토넥스,174035631000.0,0,000300.KS
123330,2026-10-08,KOSDAQ,제닉,173717224000.0,169125,123330.KQ
234080,2026-10-08,KOSPI,JW생명과학,173230020760.0,14575,234080.KS
119830,2026-10-08,KOSDAQ,아이텍,173031254720.0,91018,119830.KQ
016450,2026-10-08,KOSPI,한세예스24홀딩스,172400000000.0,3489,016450.KS
149950,2026-10-08,KOSDAQ,아바텍,171939703740.0,61652,149950.KQ
014710,2026-10-08,KOSPI,사조씨푸드,171841059140.0,3158,014710.KS
088800,2026-10-08,KOSDAQ,에이스테크,171399605180.0,187679,088800.KQ
143160,2026-10-08,KOSDAQ,아이디스,171033584400.0,2741,143160.KQ
092130,2026-10-08,KOSDAQ,이크레더블,171019120000.0,2927,092130.KQ
042510,2026-10-08,KOSDAQ,라온시큐어,170918692920.0,2615949,042510.KQ
039860,2026-10-08,KOSDAQ,나노엔텍,170847342705.0,157884,039860.KQ
086820,2026-10-08,KOSDAQ,바이오솔루션,170839720150.0,85460,086820.KQ
270660,2026-10-08,KOSDAQ,에브리봇,169800000540.0,19554,270660.KQ
264450,2026-10-08,KOSDAQ,유비쿼스,169679754010.0,38791,264450.KQ
108380,2026-10-08,KOSDAQ,대양전기공업,169150447440.0,13523,108380.KQ
445180,2026-10-08,KOSDAQ,퓨릿,169141609920.0,34600,445180.KQ
213500,2026-10-08,KOSPI,한솔제지,168984089600.0,17329,213500.KS
032620,2026-10-08,KOSDAQ,GC메디아이,168857744665.0,52933,032620.KQ
199820,2026-10-08,KOSDAQ,제일일렉트릭,168427600000.0,88937,199820.KQ
418550,2026-10-08,KOSDAQ,제이오,168092783250.0,46634,418550.KQ
046120,2026-10-08,KOSDAQ,오르비텍,167922947680.0,302777,046120.KQ
003460,2026-10-08,KOSPI,유화증권,167839148400.0,49692,003460.KS
478340,2026-10-08,KOSDAQ,나라스페이스테크놀로지,167770496750.0,283538,478340.KQ
141000,2026-10-08,KOSDAQ,비아트론,167667586400.0,4474966,141000.KQ
038390,2026-10-08,KOSDAQ,레드캡투어,167208220000.0,4382,038390.KQ
245620,2026-10-08,KOSDAQ,EDGC,167118555474.0,0,245620.KQ
042420,2026-10-08,KOSDAQ,네오위즈홀딩스,166916801500.0,11447,042420.KQ
051370,2026-10-08,KOSDAQ,인터플렉스,166091600640.0,163788,051370.KQ
318060,2026-10-08,KOSDAQ,그래피,166012610910.0,119785,318060.KQ
090350,2026-10-08,KOSPI,노루페인트,166000000000.0,30164,090350.KS
432720,2026-10-08,KOSDAQ,퀄리타스반도체,165285213800.0,115122,432720.KQ
001780,2026-10-08,KOSPI,알루코,165192205192.0,9989636,001780.KS
002150,2026-10-08,KOSPI,도화엔지니어링,164890800000.0,35354,002150.KS
000860,2026-10-08,KOSPI,강남제비스코,164840000000.0,3692,000860.KS
194480,2026-10-08,KOSDAQ,데브시스터즈,164770291000.0,46794,194480.KQ
241590,2026-10-08,KOSPI,화승엔터프라이즈,164499884340.0,24964,241590.KS
156100,2026-10-08,KOSDAQ,엘앤케이바이오,164280974550.0,594150,156100.KQ
0082N0,2026-10-08,KOSDAQ,카나프테라퓨틱스,164129157200.0,52311,0082N0.KQ
950140,2026-10-08,KOSDAQ,잉글우드랩,162916501200.0,10568,950140.KQ
086890,2026-10-08,KOSDAQ,이수앱지스,162284460200.0,48416,086890.KQ
289080,2026-10-08,KOSDAQ,SV인베스트먼트,162072537935.0,611675,289080.KQ
065660,2026-10-08,KOSDAQ,안트로젠,161998759000.0,17239,065660.KQ
267320,2026-10-08,KOSDAQ,나인테크,161624055425.0,12646644,267320.KQ
049630,2026-10-08,KOSDAQ,재영솔루텍,161453110490.0,166182,049630.KQ
101530,2026-10-08,KOSPI,해태제과식품,161016025660.0,0,101530.KS
039830,2026-10-08,KOSDAQ,오로라,161012834400.0,21039,039830.KQ
307750,2026-10-08,KOSDAQ,국전,160609206800.0,18617274,307750.KQ
158430,2026-10-08,KOSDAQ,아톤,160357702600.0,3963280,158430.KQ
417500,2026-10-08,KOSDAQ,제이아이테크,159825627000.0,739334,417500.KQ
066410,2026-10-08,KOSDAQ,버킷스튜디오,159637252154.0,0,066410.KQ
290690,2026-10-08,KOSDAQ,아리바이오홀딩스,159218415000.0,829313,290690.KQ
122990,2026-10-08,KOSDAQ,와이솔,159018089800.0,43290,122990.KQ
093190,2026-10-08,KOSDAQ,빅솔론,158913355300.0,6532,093190.KQ
388790,2026-10-08,KOSDAQ,라이콤,158275207200.0,362215,388790.KQ
274090,2026-10-08,KOSDAQ,켄코아에어로스페이스,157852412220.0,559877,274090.KQ
032940,2026-10-08,KOSDAQ,원익,157734879270.0,120110,032940.KQ
004380,2026-10-08,KOSPI,삼익THK,157734000000.0,9167,004380.KS
204610,2026-10-08,KOSDAQ,티쓰리,157705202600.0,38006,204610.KQ
146320,2026-10-08,KOSDAQ,비씨엔씨,157670411360.0,89140,146320.KQ
123860,2026-10-08,KOSDAQ,아나패스,157604395000.0,5511,123860.KQ
396300,2026-10-08,KOSDAQ,HT로보틱스,157347630000.0,5290076,396300.KQ
226590,2026-10-08,KOSDAQ,엠디바이스,157322389120.0,30088,226590.KQ
101360,2026-10-08,KOSDAQ,에코앤드림,157229247760.0,410528,101360.KQ
093640,2026-10-08,KOSDAQ,케이알엠,157157181060.0,9390,093640.KQ
041520,2026-10-08,KOSDAQ,이엘씨,157112729700.0,8807,041520.KQ
255220,2026-10-08,KOSDAQ,SG,156736397382.0,1992036,255220.KQ
011040,2026-10-08,KOSDAQ,경동제약,156305331280.0,14399,011040.KQ
078070,2026-10-08,KOSDAQ,유비쿼스홀딩스,156259001880.0,23585,078070.KQ
072870,2026-10-08,KOSDAQ,메가스터디,155806934130.0,10281,072870.KQ
102120,2026-10-08,KOSDAQ,어보브반도체,155403781220.0,215140,102120.KQ
460850,2026-10-08,KOSPI,동국씨엠,155174024640.0,23222,460850.KS
023910,2026-10-08,KOSDAQ,대한약품,155100000000.0,4505,023910.KQ
002170,2026-10-08,KOSPI,SYTS,155100000000.0,1532,002170.KS
402030,2026-10-08,KOSDAQ,코난테크놀로지,155091676320.0,14335,402030.KQ
024800,2026-10-08,KOSDAQ,유성티엔에스,154815501150.0,47110,024800.KQ
067280,2026-10-08,KOSDAQ,멀티캠퍼스,154688931900.0,5682,067280.KQ
400760,2026-10-08,KOSPI,NH올원리츠,154076616375.0,24455,400760.KS
054450,2026-10-08,KOSDAQ,텔레칩스,153865407280.0,46265,054450.KQ
067290,2026-10-08,KOSDAQ,JW신약,153821847735.0,1906145,067290.KQ
123410,2026-10-08,KOSDAQ,코리아에프티,153125852000.0,70783,123410.KQ
489500,2026-10-08,KOSDAQ,엘케이켐,152750588200.0,37285,489500.KQ
322310,2026-10-08,KOSDAQ,오로스테크놀로지,152674634600.0,84124,322310.KQ
118990,2026-10-08,KOSDAQ,모트렉스,152622447620.0,28133,118990.KQ
475040,2026-10-08,KOSDAQ,스트라드비젼,152594787870.0,244078,475040.KQ
00279K,2026-10-08,KOSPI,아모레퍼시픽홀딩스3우C,152482300000.0,1284,00279K.KS
142210,2026-10-08,KOSDAQ,유니트론텍,152315298020.0,634786,142210.KQ
007570,2026-10-08,KOSPI,일양약품,151731028800.0,23733,007570.KS
220260,2026-10-08,KOSDAQ,켐트로스,151540459875.0,133434,220260.KQ
041020,2026-10-08,KOSDAQ,폴라리스오피스,151287149685.0,102422,041020.KQ
452190,2026-10-08,KOSDAQ,한빛레이저,150938714670.0,14322359,452190.KQ
007330,2026-10-08,KOSDAQ,푸른저축은행,150828000000.0,4533,007330.KQ
293480,2026-10-08,KOSPI,하나제약,150536852620.0,11916,293480.KS
001045,2026-10-08,KOSPI,CJ우,150078807200.0,624,001045.KS
179290,2026-10-08,KOSDAQ,엠아이텍,150014917530.0,31330,179290.KQ
080160,2026-10-08,KOSDAQ,모두투어,149877000000.0,37840,080160.KQ
0088M0,2026-10-08,KOSDAQ,메쥬,149807330000.0,98341,0088M0.KQ
000020,2026-10-08,KOSPI,동화약품,149712679200.0,362921,000020.KS
205500,2026-10-08,KOSDAQ,넥써쓰,149324931239.0,75357,205500.KQ
054800,2026-10-08,KOSDAQ,아이디스홀딩스,149007686400.0,2217,054800.KQ
069510,2026-10-08,KOSDAQ,에스텍,148812400000.0,3473,069510.KQ
000970,2026-10-08,KOSPI,한국주철관,148659260000.0,10892,000970.KS
272550,2026-10-08,KOSPI,삼양패키징,148423799100.0,6015,272550.KS
042600,2026-10-08,KOSDAQ,새로닉스,148089002080.0,21248,042600.KQ
271980,2026-10-08,KOSPI,제일약품,147783963600.0,22276,271980.KS
004090,2026-10-08,KOSPI,한국석유,147759556800.0,90855,004090.KS
008970,2026-10-08,KOSPI,KBI동양철관,147452774847.0,2060030,008970.KS
494120,2026-10-08,KOSDAQ,큐리오시스,147256722600.0,71674,494120.KQ
413630,2026-10-08,KOSDAQ,씨피시스템,146839518150.0,601581,413630.KQ
474650,2026-10-08,KOSDAQ,링크솔루션,146708691000.0,45199,474650.KQ
0161M0,2026-10-08,KOSDAQ,네오사피엔스,146590140000.0,1679056,0161M0.KQ
097955,2026-10-08,KOSPI,CJ제일제당 우,146415859900.0,1747,097955.KS
462520,2026-10-08,KOSPI,조선내화,146292773120.0,42694,462520.KS
013890,2026-10-08,KOSPI,지누스,146245172710.0,17530,013890.KS
011785,2026-10-08,KOSPI,금호석유화학우,146185548100.0,7355,011785.KS
0039P0,2026-10-08,KOSDAQ,매드업,145945424000.0,423000,0039P0.KQ
052260,2026-10-08,KOSDAQ,현대바이오랜드,145500000000.0,894440,052260.KQ
046440,2026-10-08,KOSDAQ,KG파이낸셜,145182795930.0,29584,046440.KQ
105330,2026-10-08,KOSDAQ,케이엔더블유,144816460800.0,78506,105330.KQ
264660,2026-10-08,KOSDAQ,씨앤지하이테크,144456615920.0,25946,264660.KQ
049960,2026-10-08,KOSDAQ,쎌바이오텍,144384000000.0,4575,049960.KQ
256940,2026-10-08,KOSDAQ,킵스파마,144361876930.0,25527,256940.KQ
232680,2026-10-08,KOSDAQ,라온로보틱스,144241600000.0,71270,232680.KQ
950250,2026-10-08,KOSDAQ,테라뷰,144215605280.0,416127,950250.KQ
004150,2026-10-08,KOSPI,한솔홀딩스,144208569300.0,38368,004150.KS
147830,2026-10-08,KOSDAQ,제룡산업,144200000000.0,109801,147830.KQ
023600,2026-10-08,KOSDAQ,삼보판지,144074700000.0,15039,023600.KQ
101970,2026-10-08,KOSDAQ,우양에이치씨,143167287120.0,134471,101970.KQ
016880,2026-10-08,KOSPI,웅진,142829691960.0,87985,016880.KS
004970,2026-10-08,KOSPI,신라교역,142400000000.0,8527,004970.KS
003830,2026-10-08,KOSPI,대한화섬,142361600000.0,337,003830.KS
006805,2026-10-08,KOSPI,미래에셋증권우,142344727140.0,28699,006805.KS
115310,2026-10-08,KOSDAQ,인포바인,142234554910.0,3356,115310.KQ
083500,2026-10-08,KOSDAQ,에프엔에스테크,141872919160.0,662995,083500.KQ
469610,2026-10-08,KOSDAQ,이노테크,141834394000.0,26683,469610.KQ
048870,2026-10-08,KOSDAQ,시너지이노베이션,141499782578.0,136559,048870.KQ
012610,2026-10-08,KOSPI,경인양행,140871395525.0,79797,012610.KS
071280,2026-10-08,KOSDAQ,로체시스템즈,140728747600.0,103320,071280.KQ
089600,2026-10-08,KOSDAQ,KT나스미디어,140642884800.0,4710,089600.KQ
008350,2026-10-08,KOSPI,남선알미늄,140308970830.0,1105751,008350.KS
212560,2026-10-08,KOSDAQ,네오오토,140258019200.0,99200,212560.KQ
228850,2026-10-08,KOSDAQ,레이언스,140028158160.0,57855,228850.KQ
015890,2026-10-08,KOSPI,태경산업,139859568750.0,29465,015890.KS
025820,2026-10-08,KOSPI,이구산업,139787560000.0,83690,025820.KS
071840,2026-10-08,KOSPI,롯데하이마트,139285500800.0,7716,071840.KS
005990,2026-10-08,KOSDAQ,매일홀딩스,138834293760.0,8037,005990.KQ
037070,2026-10-08,KOSDAQ,파세코,138600000000.0,88002,037070.KQ
115500,2026-10-08,KOSDAQ,케이씨에스,138480000000.0,286997,115500.KQ
052860,2026-10-08,KOSDAQ,아이앤씨,138468118500.0,55259,052860.KQ
054920,2026-10-08,KOSDAQ,한컴위드,137558269875.0,1033290,054920.KQ
003480,2026-10-08,KOSPI,한진중공업홀딩스,137461274860.0,9948,003480.KS
265740,2026-10-08,KOSDAQ,엔에프씨,137192448000.0,278973,265740.KQ
001080,2026-10-08,KOSPI,만호제강,136948344000.0,13848,001080.KS
0007C0,2026-10-08,KOSDAQ,아크릴,136756417720.0,111901,0007C0.KQ
107590,2026-10-08,KOSPI,미원홀딩스,136648000000.0,76,107590.KS
060150,2026-10-08,KOSDAQ,인선이엔티,136463017940.0,20875,060150.KQ
059120,2026-10-08,KOSDAQ,아진엑스텍,136409991700.0,274458,059120.KQ
094280,2026-10-08,KOSPI,효성ITX,136386760000.0,3642,094280.KS
321550,2026-10-08,KOSDAQ,티움바이오,136374676500.0,109369,321550.KQ
148150,2026-10-08,KOSDAQ,세경하이테크,136128992940.0,46651,148150.KQ
172670,2026-10-08,KOSDAQ,에이엘티,136106334210.0,151341,172670.KQ
035610,2026-10-08,KOSDAQ,솔본,135772875105.0,93613,035610.KQ
014280,2026-10-08,KOSPI,금강공업,135061688985.0,124711,014280.KS
011690,2026-10-08,KOSPI,와이투솔루션,135051444160.0,116658,011690.KS
003100,2026-10-08,KOSDAQ,선광,134970000000.0,4743,003100.KQ
126640,2026-10-08,KOSDAQ,화신정공,133738296650.0,459247,126640.KQ
136540,2026-10-08,KOSDAQ,윈스테크넷,133603636480.0,15030,136540.KQ
003580,2026-10-08,KOSPI,HLB글로벌,133498335675.0,5269290,003580.KS
018470,2026-10-08,KOSPI,조일알미늄,133469832880.0,106114,018470.KS
387690,2026-10-08,KOSDAQ,레메디,133222568770.0,428252,387690.KQ
081000,2026-10-08,KOSPI,일진다이아,132939846000.0,9260,081000.KS
297090,2026-10-08,KOSDAQ,씨에스베어링,132668550000.0,47042,297090.KQ
114840,2026-10-08,KOSDAQ,아이패밀리에스씨,132617010750.0,57765,114840.KQ
217190,2026-10-08,KOSDAQ,제너셈,132326835660.0,1361677,217190.KQ
095700,2026-10-08,KOSDAQ,제넥신,132295135070.0,182019,095700.KQ
001540,2026-10-08,KOSDAQ,안국약품,132250138800.0,18813,001540.KQ
322510,2026-10-08,KOSDAQ,제이엘케이,132231084880.0,107008,322510.KQ
038290,2026-10-08,KOSDAQ,마크로젠,132048252000.0,20372,038290.KQ
240550,2026-10-08,KOSDAQ,동방메디컬,131883822000.0,58834,240550.KQ
047770,2026-10-08,KOSDAQ,코데즈컴바인,131881467970.0,264168,047770.KQ
419050,2026-10-08,KOSDAQ,삼기에너지솔루션즈,131837333200.0,24750661,419050.KQ
004080,2026-10-08,KOSPI,신흥,131744000000.0,4694,004080.KS
457550,2026-10-08,KOSDAQ,우진엔텍,131676876540.0,0,457550.KQ
214390,2026-10-08,KOSPI,경보제약,131487730000.0,14960,214390.KS
285490,2026-10-08,KOSDAQ,노바텍,130928787780.0,25776,285490.KQ
039840,2026-10-08,KOSDAQ,디오,130804323000.0,35475,039840.KQ
282880,2026-10-08,KOSDAQ,코윈로보틱스,130622895940.0,23655,282880.KQ
049720,2026-10-08,KOSDAQ,고려신용정보,130273000000.0,16439,049720.KQ
009780,2026-10-08,KOSDAQ,엠에스씨,130240000000.0,7493,009780.KQ
408920,2026-10-08,KOSDAQ,메쎄이상,130129689550.0,17786,408920.KQ
140670,2026-10-08,KOSDAQ,알에스오토메이션,129939180800.0,42032,140670.KQ
024090,2026-10-08,KOSPI,디씨엠,129732000000.0,2831,024090.KS
072950,2026-10-08,KOSDAQ,빛샘전자,129727547100.0,810079,072950.KQ
451760,2026-10-08,KOSDAQ,컨텍,129586025900.0,77456,451760.KQ
001360,2026-10-08,KOSPI,삼성제약,129567020704.0,300121,001360.KS
035080,2026-10-08,KOSDAQ,그래디언트,129508155110.0,42151,035080.KQ
094840,2026-10-08,KOSDAQ,슈프리마에이치큐,129244516620.0,18176,094840.KQ
300080,2026-10-08,KOSDAQ,플리토,128945317800.0,48507,300080.KQ
0010S0,2026-10-08,KOSDAQ,와이즈플래닛컴퍼니,128757385500.0,1079197,0010S0.KQ
402490,2026-10-08,KOSDAQ,그린리소스,128368944860.0,85705,402490.KQ
417010,2026-10-08,KOSDAQ,나노팀,128298550080.0,148534,417010.KQ
037350,2026-10-08,KOSDAQ,성도이엔지,128068200000.0,136887,037350.KQ
222040,2026-10-08,KOSDAQ,코스맥스엔비티,127687320000.0,103312,222040.KQ
259630,2026-10-08,KOSDAQ,엠플러스,127479590280.0,218253,259630.KQ
080420,2026-10-08,KOSDAQ,모다이노칩,127474873578.0,3710,080420.KQ
950190,2026-10-08,KOSDAQ,고스트스튜디오,127306837020.0,12272,950190.KQ
290720,2026-10-08,KOSDAQ,푸드나무,126655586360.0,110690,290720.KQ
036690,2026-10-08,KOSDAQ,코맥스,125692107675.0,0,036690.KQ
004960,2026-10-08,KOSPI,한신공영,125657823720.0,9812,004960.KS
0015N0,2026-10-08,KOSDAQ,아로마티카,125643450780.0,633949,0015N0.KQ
009070,2026-10-08,KOSPI,KCTC,125400000000.0,131785,009070.KS
053260,2026-10-08,KOSDAQ,금강철강,125236800000.0,191325,053260.KQ
006060,2026-10-08,KOSPI,화승인더,125023200000.0,52233,006060.KS
473980,2026-10-08,KOSDAQ,노머스,124933992960.0,120392,473980.KQ
078000,2026-10-08,KOSPI,텔코웨어,124925841040.0,743,078000.KS
047310,2026-10-08,KOSDAQ,파워로직스,124842674550.0,355449,047310.KQ
092220,2026-10-08,KOSPI,KEC,124673909940.0,285286,092220.KS
361390,2026-10-08,KOSDAQ,제노코,124625676800.0,55600,361390.KQ
002210,2026-10-08,KOSPI,동성제약,123962827481.0,38231,002210.KS
056090,2026-10-08,KOSDAQ,시지메드텍,123910842000.0,140829,056090.KQ
086980,2026-10-08,KOSDAQ,쇼박스,123752116000.0,1878526,086980.KQ
166480,2026-10-08,KOSDAQ,코아스템켐온,123716679840.0,130024,166480.KQ
079960,2026-10-08,KOSDAQ,동양이엔피,123620641460.0,28418,079960.KQ
417030,2026-10-08,KOSDAQ,니어스랩,123350820600.0,686194,417030.KQ
009270,2026-10-08,KOSPI,신원,123263402082.0,132701,009270.KS
321370,2026-10-08,KOSDAQ,센서뷰,122882716740.0,2800318,321370.KQ
089470,2026-10-08,KOSPI,HDC현대EP,122815000000.0,19195,089470.KS
027710,2026-10-08,KOSDAQ,팜스토리,122669676600.0,71658,027710.KQ
105740,2026-10-08,KOSDAQ,디케이락,122530581650.0,1171711,105740.KQ
293580,2026-10-08,KOSDAQ,나우IB,122459635500.0,205644,293580.KQ
267290,2026-10-08,KOSPI,경동도시가스,122034904200.0,1023,267290.KS
013520,2026-10-08,KOSPI,화승코퍼레이션,121624542360.0,133977,013520.KS
108230,2026-10-08,KOSDAQ,톱텍,121484267775.0,60236,108230.KQ
073010,2026-10-08,KOSDAQ,케이에스피,121377575000.0,151816,073010.KQ
458650,2026-10-08,KOSDAQ,성우,121117643500.0,7779,458650.KQ
418420,2026-10-08,KOSDAQ,라온텍,121097885730.0,113164,418420.KQ
331920,2026-10-08,KOSDAQ,셀레믹스,121096240650.0,79666,331920.KQ
211270,2026-10-08,KOSDAQ,AP위성,120960078080.0,236450,211270.KQ
039560,2026-10-08,KOSDAQ,다산네트웍스,120945479760.0,324830,039560.KQ
002620,2026-10-08,KOSPI,제일파마홀딩스,120598830250.0,2894,002620.KS
299030,2026-10-08,KOSDAQ,하나기술,120323395500.0,56235,299030.KQ
005800,2026-10-08,KOSPI,신영와코루,120240000000.0,1245,005800.KS
053080,2026-10-08,KOSDAQ,케이엔솔,120118216680.0,33571,053080.KQ
308080,2026-10-08,KOSDAQ,바이젠셀,119715678400.0,63309,308080.KQ
210540,2026-10-08,KOSPI,디와이파워,119471280560.0,40411,210540.KS
001520,2026-10-08,KOSPI,동양,119333943648.0,384588,001520.KS
095190,2026-10-08,KOSDAQ,신화프리텍,119100343150.0,68417,095190.KQ
037560,2026-10-08,KOSPI,LG헬로비전,118958384640.0,62191,037560.KS
101170,2026-10-08,KOSDAQ,우림피티에스,118935000000.0,41745,101170.KQ
002390,2026-10-08,KOSPI,한독,118366383800.0,2592,002390.KS
214420,2026-10-08,KOSPI,토니모리,118349611080.0,77024,214420.KS
015590,2026-10-08,KOSPI,DKME,118272822220.0,38291,015590.KS
115440,2026-10-08,KOSDAQ,우리넷,118197497400.0,374503,115440.KQ
350520,2026-10-08,KOSPI,이지스레지던스리츠,118156177410.0,4892,350520.KS
297890,2026-10-08,KOSDAQ,HB솔루션,118122576110.0,176125,297890.KQ
336680,2026-10-08,KOSDAQ,탑런토탈솔루션,118023857370.0,10306,336680.KQ
474610,2026-10-08,KOSDAQ,RF시스템즈,117916499600.0,61424,474610.KQ
443670,2026-10-08,KOSDAQ,에스피소프트,117771816420.0,588003,443670.KQ
338840,2026-10-08,KOSDAQ,와이바이오로직스,117531474690.0,52129,338840.KQ
021320,2026-10-08,KOSDAQ,KCC건설,117486000000.0,25401,021320.KQ
004100,2026-10-08,KOSPI,태양금속,117440000000.0,336056,004100.KS
014530,2026-10-08,KOSPI,극동유화,117335598300.0,80697,014530.KS
067990,2026-10-08,KOSDAQ,도이치모터스,117309831000.0,64445,067990.KQ
008830,2026-10-08,KOSDAQ,대동기어,117009687600.0,198735,008830.KQ
255440,2026-10-08,KOSDAQ,야스,116999680000.0,101665,255440.KQ
041590,2026-10-08,KOSDAQ,플래스크,116064014460.0,0,041590.KQ
129920,2026-10-08,KOSDAQ,대성하이텍,115853202480.0,141711,129920.KQ
138360,2026-10-08,KOSDAQ,앤로보틱스,115421801408.0,1028072,138360.KQ
290740,2026-10-08,KOSDAQ,액트로,115345026060.0,20278,290740.KQ
034590,2026-10-08,KOSPI,인천도시가스,115056030200.0,660,034590.KS
411080,2026-10-08,KOSDAQ,샌즈랩,114965314140.0,1473098,411080.KQ
396470,2026-10-08,KOSDAQ,워트,114935600000.0,71495,396470.KQ
016740,2026-10-08,KOSPI,두올,114552725880.0,46063,016740.KS
017510,2026-10-08,KOSDAQ,세명전기,114497460000.0,93578,017510.KQ
227840,2026-10-08,KOSPI,현대코퍼레이션홀딩스,114397508520.0,15029,227840.KS
083420,2026-10-08,KOSPI,그린케미칼,114360000000.0,21425,083420.KS
333430,2026-10-08,KOSDAQ,일승,113996231370.0,113334,333430.KQ
049520,2026-10-08,KOSDAQ,유아이엘,113655073125.0,57052,049520.KQ
493330,2026-10-08,KOSDAQ,지에프아이,113517923560.0,62925,493330.KQ
474170,2026-10-08,KOSDAQ,루미르,113320546560.0,78353,474170.KQ
134580,2026-10-08,KOSDAQ,엔키AX,113130071955.0,571744,134580.KQ
311320,2026-10-08,KOSDAQ,지오엘리먼트,112648020800.0,43846,311320.KQ
002460,2026-10-08,KOSPI,HS화성,112462000000.0,6261,002460.KS
054050,2026-10-08,KOSDAQ,NH농우바이오,112374232610.0,11169,054050.KQ
063570,2026-10-08,KOSDAQ,NICE인프라,112346025120.0,6018,063570.KQ
125210,2026-10-08,KOSDAQ,아모그린텍,112343139900.0,387622,125210.KQ
012320,2026-10-08,KOSPI,경동인베스트,112338592500.0,8209,012320.KS
217270,2026-10-08,KOSDAQ,넵튠,112309718220.0,51534,217270.KQ
131030,2026-10-08,KOSDAQ,옵투스제약,112232312400.0,39391,131030.KQ
079430,2026-10-08,KOSPI,현대리바트,112036105140.0,8937,079430.KS
217820,2026-10-08,KOSDAQ,원익피앤이,111992759240.0,251984,217820.KQ
041440,2026-10-08,KOSDAQ,현대에버다임,111153865760.0,58357,041440.KQ
018120,2026-10-08,KOSDAQ,진로발효,111102393600.0,686,018120.KQ
209640,2026-10-08,KOSDAQ,와이제이링크,110928269400.0,448382,209640.KQ
017550,2026-10-08,KOSPI,수산세보틱스,110696056620.0,169103,017550.KS
016710,2026-10-08,KOSPI,대성홀딩스,110534583330.0,5986,016710.KS
338220,2026-10-08,KOSDAQ,뷰노,110194347010.0,174588,338220.KQ
084670,2026-10-08,KOSPI,동양고속,110031622000.0,1435338,084670.KS
278650,2026-10-08,KOSDAQ,HLB바이오스텝,109998418760.0,5619620,278650.KQ
023450,2026-10-08,KOSPI,동남합성,109900000000.0,385,023450.KS
008040,2026-10-08,KOSPI,사조동아원,109810498800.0,7399,008040.KS
122450,2026-10-08,KOSDAQ,KX,109584494130.0,31882,122450.KQ
317770,2026-10-08,KOSDAQ,엑스페릭스,109511125920.0,120808,317770.KQ
011810,2026-10-08,KOSPI,STX,109493282310.0,0,011810.KS
334970,2026-10-08,KOSDAQ,프레스티지바이오로직스,109475712896.0,24272,334970.KQ
310200,2026-10-08,KOSDAQ,애니플러스,109281141420.0,311007,310200.KQ
051360,2026-10-08,KOSDAQ,토비스,109144735920.0,7252,051360.KQ
013570,2026-10-08,KOSPI,디와이,109094878785.0,17531,013570.KS
036630,2026-10-08,KOSDAQ,세종텔레콤,109060000000.0,961,036630.KQ
053350,2026-10-08,KOSDAQ,이니텍,108894166425.0,66086,053350.KQ
014580,2026-10-08,KOSPI,태경비케이,108401583000.0,38415,014580.KS
090850,2026-10-08,KOSDAQ,현대이지웰,108343492460.0,45444,090850.KQ
009580,2026-10-08,KOSPI,무림P&P,108271410464.0,211219,009580.KS
389020,2026-10-08,KOSDAQ,자람테크놀로지,107995482480.0,57154,389020.KQ
123040,2026-10-08,KOSDAQ,엠에스오토텍,107971187476.0,54256,123040.KQ
038540,2026-10-08,KOSDAQ,상상인,107890210350.0,8427,038540.KQ
201490,2026-10-08,KOSDAQ,미투온,107661058540.0,1106139,201490.KQ
051980,2026-10-08,KOSDAQ,중앙첨단소재,107647857300.0,63761,051980.KQ
001210,2026-10-08,KOSPI,금호전기,107578623480.0,544561,001210.KS
040300,2026-10-08,KOSDAQ,YTN,107511589900.0,58118,040300.KQ
036010,2026-10-08,KOSDAQ,아비코전자,106742260020.0,84517,036010.KQ
261780,2026-10-08,KOSDAQ,아리바이오랩,106702771560.0,511386,261780.KQ
012200,2026-10-08,KOSPI,계양전기,106622715290.0,258874,012200.KS
021820,2026-10-08,KOSPI,세원정공,106600000000.0,6103,021820.KS
106190,2026-10-08,KOSDAQ,하이텍팜,106331730000.0,9673,106190.KQ
339950,2026-10-08,KOSDAQ,아이비김영,106298839075.0,11651,339950.KQ
053700,2026-10-08,KOSDAQ,삼보모터스,106061555290.0,72459,053700.KQ
039340,2026-10-08,KOSDAQ,한국경제TV,105930000000.0,1078,039340.KQ
011280,2026-10-08,KOSPI,태림포장,105925686240.0,20500,011280.KS
120240,2026-10-08,KOSDAQ,대정화금,105914459430.0,6667,120240.KQ
242040,2026-10-08,KOSDAQ,나무AX,105895167840.0,202856,242040.KQ
130580,2026-10-08,KOSDAQ,나이스디앤비,105644000000.0,23540,130580.KQ
004250,2026-10-08,KOSPI,NPC,105570000000.0,24005,004250.KS
067900,2026-10-08,KOSDAQ,와이엔텍,105558022200.0,10243,067900.KQ
078935,2026-10-08,KOSPI,GS우,105178851600.0,3245,078935.KS
246710,2026-10-08,KOSDAQ,티앤알바이오팹,104861908800.0,107611,246710.KQ
439580,2026-10-08,KOSDAQ,블루엠텍,104755062965.0,4197246,439580.KQ
073560,2026-10-08,KOSDAQ,우리손에프앤지,104202652715.0,34916,073560.KQ
079650,2026-10-08,KOSDAQ,서산,104000000000.0,424502,079650.KQ
012800,2026-10-08,KOSPI,대창,103900168860.0,295301,012800.KS
120030,2026-10-08,KOSPI,조선선재,103881972600.0,401,120030.KS
289930,2026-10-08,KOSDAQ,웨이비스,103877179000.0,41533,289930.KQ
048910,2026-10-08,KOSDAQ,대원미디어,103776304500.0,506644,048910.KQ
035000,2026-10-08,KOSPI,HS애드,103728921600.0,27031,035000.KS
453450,2026-10-08,KOSDAQ,그리드위즈,103573460000.0,9666,453450.KQ
006660,2026-10-08,KOSPI,삼성공조,103285450940.0,74658,006660.KS
175250,2026-10-08,KOSDAQ,아이큐어,103099649390.0,80359,175250.KQ
010100,2026-10-08,KOSPI,한국무브넥스,103074671700.0,31577,010100.KS
027970,2026-10-08,KOSPI,한국제지,102871539520.0,10393,027970.KS
100590,2026-10-08,KOSDAQ,머큐리,102837270000.0,847964,100590.KQ
123690,2026-10-08,KOSPI,한국화장품,102513840000.0,63381,123690.KS
003010,2026-10-08,KOSPI,혜인,102464740820.0,372252,003010.KS
267850,2026-10-08,KOSPI,아시아나IDT,102453000000.0,2613,267850.KS
0017J0,2026-10-08,KOSDAQ,세미티에스,102362784195.0,1142364,0017J0.KQ
235980,2026-10-08,KOSDAQ,메드팩토,102311236185.0,95098,235980.KQ
153890,2026-10-08,KOSDAQ,져스텍,102186586400.0,117432,153890.KQ
091440,2026-10-08,KOSDAQ,한울소재과학,102173197980.0,131787,091440.KQ
136150,2026-10-08,KOSDAQ,원일티엔아이,102164755700.0,72825,136150.KQ
306620,2026-10-08,KOSDAQ,지아이에스,102116851920.0,248808,306620.KQ
173130,2026-10-08,KOSDAQ,오파스넷,101892954130.0,77410,173130.KQ
100700,2026-10-08,KOSDAQ,세운메디칼,101835000000.0,33291,100700.KQ
091120,2026-10-08,KOSDAQ,이엠텍,101769639840.0,42682,091120.KQ
475230,2026-10-08,KOSDAQ,엔알비,101684712390.0,57738,475230.KQ
059210,2026-10-08,KOSDAQ,메타바이오메드,101621204300.0,67836,059210.KQ
307930,2026-10-08,KOSDAQ,컴퍼니케이,101621100000.0,15938,307930.KQ
109740,2026-10-08,KOSDAQ,디에스케이,101556040500.0,16071,109740.KQ
045970,2026-10-08,KOSDAQ,코아시아,101443846980.0,90105,045970.KQ
366030,2026-10-08,KOSDAQ,나인앤컴퍼니,101375978750.0,28200,366030.KQ
033560,2026-10-08,KOSDAQ,블루콤,101232000000.0,53047,033560.KQ
323990,2026-10-08,KOSDAQ,박셀바이오,101053164025.0,54977,323990.KQ
025620,2026-10-08,KOSPI,차AI헬스케어,101032050150.0,11036,025620.KS
309960,2026-10-08,KOSDAQ,LB인베스트먼트,100994989650.0,20527,309960.KQ
119650,2026-10-08,KOSPI,KC코트렐,100782913662.0,0,119650.KS
086960,2026-10-08,KOSDAQ,MDS테크,100367661200.0,352688,086960.KQ
006620,2026-10-08,KOSDAQ,동구바이오제약,100054446880.0,30501,006620.KQ
